N,P,K,temperature,humidity,ph,rainfall,label
93,11,56,25.51,91.49,6.38,24.49,muskmelon
100,10,45,25.66,89.19,6.63,50.31,watermelon
30,57,49,31.73,92.43,6.95,155.06,papaya
55,68,54,32.88,88.73,6.14,141.06,papaya
11,139,186,20.53,91.66,6.13,112.46,apple
24,26,28,32.39,54.08,6.04,110.6,mango
23,148,219,20.56,86.17,6.71,144.03,apple
12,37,20,23.73,53.06,6.74,82.43,mothbeans
21,43,21,26.36,93.6,6.43,52.19,mungbean
19,63,19,25.66,67.06,6.55,50.99,lentil
45,52,20,27.62,63.01,7.16,70.91,blackgram
21,12,27,26.08,96.58,6.08,156.88,coconut
26,9,41,20.62,90.55,6.63,108.53,pomegranate
102,62,42,27.28,68.87,6.56,165.6,jute
22,9,29,27.97,94.17,5.74,187.2,coconut
27,9,46,21.11,94.41,6.49,120.61,pomegranate
21,119,210,21.7,84.52,6.2,93.25,apple
81,57,16,25.85,67.1,5.92,89.16,maize
39,55,51,34.85,92.49,6.9,139.94,papaya
102,6,50,29.27,91.54,6.51,25.5,muskmelon
81,27,38,23.23,58.4,7.46,172.64,coffee
44,66,50,32.46,93.86,6.58,154.57,papaya
13,7,7,23.51,92.87,7.12,118.94,orange
61,63,45,35.63,92.05,6.81,126.96,papaya
47,80,86,21.78,19.23,7.02,55.97,chickpea
72,47,42,26.34,75.28,6.5,156.67,jute
20,52,25,27.54,86.62,6.16,26.08,mungbean
20,11,7,28.91,90.99,6.91,104.8,orange
20,67,21,22.44,53.41,6.05,135.55,pigeonpeas
90,36,35,24.53,84.57,6.65,345.58,rice
18,5,44,23.76,84.16,6.79,97.84,pomegranate
23,48,19,25.4,49.16,6.5,28.1,mothbeans
75,49,38,25.5,83.4,6.45,173.71,jute
29,72,19,21.65,61.97,7.13,43.68,lentil
82,47,33,26.74,83.72,6.6,189.15,jute
37,54,26,30.94,62.54,7.4,60.27,blackgram
88,48,50,24.12,75.5,6.93,161.5,jute
32,47,78,20.7,22.88,6.63,87.45,chickpea
36,62,72,18.33,12.49,7.23,81.24,chickpea
20,69,19,22.98,17.2,5.55,108.45,kidneybeans
48,52,55,31.38,91.59,6.89,165.3,papaya
28,28,38,31.18,48.78,5.82,93.13,mango
41,62,19,26.98,63.9,6.94,75.4,blackgram
61,47,17,20.29,65.9,6.76,103.77,maize
23,56,22,29.0,83.84,6.53,64.71,mungbean
66,30,21,27.49,64.97,6.54,91.23,maize
18,70,19,26.65,47.15,6.13,109.66,pigeonpeas
20,10,26,28.96,94.14,5.6,159.58,coconut
93,8,52,31.74,90.44,5.9,28.16,muskmelon
75,47,21,22.86,58.32,6.35,99.16,maize
25,64,23,29.33,60.77,7.28,66.69,blackgram
95,32,34,23.77,62.99,6.68,184.23,coffee
21,119,209,23.15,82.64,5.61,71.6,grapes
17,55,25,27.7,88.41,6.35,57.55,mungbean
103,30,18,25.02,57.81,7.18,160.95,coffee
13,73,18,23.44,27.98,5.57,101.76,kidneybeans
142,52,19,23.89,77.9,7.03,79.44,cotton
19,112,193,21.98,90.51,6.02,116.62,apple
116,83,53,25.74,86.43,5.92,109.16,banana
38,60,28,27.85,62.86,7.12,76.0,blackgram
95,10,49,27.38,80.41,6.05,51.81,watermelon
27,9,30,28.45,96.11,5.82,176.93,coconut
10,64,25,22.97,56.98,6.62,37.85,lentil
17,15,14,21.09,90.49,6.7,100.56,orange
53,76,54,33.32,92.01,6.64,130.75,papaya
16,66,23,27.89,47.34,6.19,117.95,pigeonpeas
18,10,11,19.45,93.87,7.49,107.41,orange
76,45,32,21.94,76.45,7.03,258.07,rice
100,8,45,30.41,88.41,6.03,19.48,muskmelon
15,81,22,27.03,55.68,5.56,123.51,pigeonpeas
109,3,48,27.37,89.89,6.42,30.6,muskmelon
21,10,28,25.34,92.83,5.66,183.1,coconut
81,44,40,24.62,73.0,6.85,148.43,jute
113,92,57,27.58,80.16,6.26,115.98,banana
41,60,25,28.73,64.79,7.17,64.09,blackgram
57,55,49,35.07,95.52,6.64,174.4,papaya
92,90,47,24.03,69.75,6.38,114.25,banana
123,62,25,22.85,81.27,6.57,92.37,cotton
103,14,57,25.44,85.42,6.83,34.99,watermelon
12,5,9,22.02,94.55,7.23,119.08,orange
86,27,39,27.71,55.43,6.86,159.96,coffee
54,66,78,18.46,16.09,7.24,55.76,chickpea
79,46,35,22.35,85.78,6.65,200.67,rice
18,42,20,31.31,48.7,7.2,36.1,mothbeans
15,6,9,19.9,94.72,7.12,108.95,orange
17,25,33,32.01,43.38,5.63,108.16,mango
93,23,37,22.65,47.66,6.45,129.19,coffee
22,30,19,28.29,52.25,7.08,55.83,mothbeans
31,68,20,27.84,64.12,7.12,73.6,blackgram
11,10,48,21.8,89.12,6.31,123.48,pomegranate
72,56,17,19.68,57.22,6.44,70.79,maize
19,43,15,28.69,60.56,6.06,49.68,mothbeans
114,54,15,23.16,71.14,6.79,89.63,cotton
31,49,48,34.64,93.47,6.94,139.25,papaya
13,72,24,32.04,47.98,6.2,151.4,pigeonpeas
21,38,23,29.14,44.48,6.18,48.55,mothbeans
15,61,19,18.57,24.05,6.25,101.3,kidneybeans
118,27,24,25.22,46.87,6.79,176.42,coffee
44,73,27,34.37,61.57,7.49,73.83,blackgram
24,66,20,24.24,65.64,6.45,41.94,lentil
14,9,30,26.14,99.88,5.75,198.59,coconut
79,59,40,21.78,89.62,6.66,198.88,rice
18,8,9,21.51,92.84,6.49,125.56,orange
129,6,44,28.97,98.35,6.05,23.67,muskmelon
120,12,45,24.94,83.09,6.96,35.8,watermelon
23,67,19,20.04,23.64,5.45,126.71,kidneybeans
95,12,52,23.87,81.5,6.06,51.88,watermelon
110,75,54,28.41,89.26,5.87,88.54,banana
24,64,21,27.12,51.62,5.54,141.7,pigeonpeas
7,28,18,30.19,40.17,5.6,55.71,mothbeans
107,67,53,26.53,83.54,6.23,129.12,banana
75,64,33,27.92,86.08,7.37,143.24,jute
131,49,20,26.89,82.9,7.47,47.1,cotton
25,8,38,23.04,88.42,6.5,115.98,pomegranate
24,65,11,26.75,44.81,5.35,115.25,pigeonpeas
46,60,82,19.51,20.18,7.83,85.89,chickpea
77,57,17,22.43,73.85,5.95,117.19,maize
21,11,25,24.67,95.56,5.95,218.14,coconut
27,12,36,20.89,90.44,6.29,135.39,pomegranate
74,45,28,20.47,88.83,6.99,222.53,rice
18,80,22,27.23,47.4,5.86,148.57,pigeonpeas
26,129,212,22.82,87.0,5.73,63.86,grapes
39,76,19,31.46,66.76,7.1,67.29,blackgram
19,8,31,28.02,93.85,6.05,199.72,coconut
38,66,85,19.69,8.18,7.2,82.92,chickpea
44,73,16,26.99,61.27,6.8,77.53,blackgram
17,11,30,24.06,95.92,5.67,193.78,coconut
80,43,16,24.24,68.25,6.16,117.7,maize
100,74,53,30.36,81.71,6.58,82.12,banana
23,51,20,27.32,49.85,6.75,54.58,mothbeans
99,86,43,25.52,79.42,6.57,103.29,banana
31,61,15,20.61,24.16,5.73,131.8,kidneybeans
26,10,46,18.78,88.67,6.41,108.28,pomegranate
43,67,75,19.15,13.46,7.36,73.03,chickpea
23,13,23,29.18,97.09,5.72,206.97,coconut
17,9,6,21.03,88.61,6.96,93.9,orange
23,71,19,25.82,45.57,6.21,164.58,pigeonpeas
94,78,51,27.91,64.78,6.31,126.55,banana
84,72,54,28.75,81.82,5.48,99.62,banana
21,136,209,25.34,86.15,6.2,124.76,apple
19,73,16,19.23,24.09,6.05,105.59,kidneybeans
102,10,51,28.31,92.03,6.12,21.24,muskmelon
24,49,25,30.55,81.73,6.71,49.53,mungbean
11,38,20,26.21,50.57,6.81,30.31,mothbeans
22,15,35,28.07,97.06,5.89,164.83,coconut
67,35,17,22.41,66.22,6.1,95.28,maize
10,134,183,20.58,92.0,5.97,88.82,apple
10,7,22,26.07,95.91,5.93,163.2,coconut
20,91,21,19.37,24.77,5.94,116.3,kidneybeans
15,58,21,26.89,53.01,6.6,42.18,mothbeans
15,47,21,32.69,77.44,7.05,59.73,mungbean
15,72,22,24.84,65.76,6.31,54.68,lentil
110,12,49,22.99,82.0,6.58,53.42,watermelon
23,48,23,29.54,85.13,6.61,49.19,mungbean
16,71,13,26.33,49.84,5.64,121.27,pigeonpeas
14,54,14,24.79,46.45,6.78,129.48,pigeonpeas
20,63,19,27.66,39.36,6.18,120.41,pigeonpeas
11,66,24,20.04,22.69,5.42,100.75,kidneybeans
76,49,23,20.87,66.84,6.04,90.43,maize
85,45,49,26.48,86.23,6.62,196.16,jute
29,43,80,22.1,20.72,7.06,72.63,chickpea
18,129,212,23.17,93.5,6.15,123.27,apple
20,6,10,22.99,92.39,6.94,127.07,orange
126,50,26,24.81,79.29,6.74,68.84,cotton
77,50,35,24.54,89.66,6.47,242.05,rice
20,8,30,27.24,93.09,5.88,176.55,coconut
18,147,206,24.52,81.61,5.97,67.37,grapes
14,59,18,22.62,57.26,6.71,58.37,lentil
117,13,54,25.26,89.54,6.43,49.69,watermelon
26,142,202,19.71,78.31,6.04,65.0,grapes
17,140,183,24.54,80.85,5.7,95.86,grapes
24,68,21,30.75,65.84,7.35,64.6,blackgram
23,11,44,22.16,98.81,6.19,84.34,pomegranate
55,80,77,16.26,17.42,6.47,84.85,chickpea
18,12,29,26.63,92.5,6.24,161.96,coconut
64,35,24,22.08,61.65,6.62,80.92,maize
15,49,18,24.04,63.58,6.24,34.8,lentil
27,121,198,22.14,78.5,5.87,81.08,grapes
107,9,49,23.29,84.1,6.27,53.83,watermelon
83,42,35,25.95,81.09,6.56,146.23,jute
108,30,31,27.23,58.45,7.1,172.28,coffee
103,34,30,21.87,49.5,7.02,148.6,coffee
18,68,15,19.4,21.85,6.59,93.32,kidneybeans
72,59,32,24.33,76.52,6.45,169.4,jute
15,46,20,26.95,54.76,6.97,50.39,mothbeans
17,67,21,19.03,19.97,5.81,93.69,kidneybeans
92,92,59,26.92,86.25,5.68,121.13,banana
18,65,22,20.67,22.95,5.94,86.97,kidneybeans
24,11,38,30.37,94.32,6.75,175.49,coconut
54,66,40,32.67,94.85,6.88,127.05,papaya
47,56,49,32.84,87.78,6.64,143.54,papaya
17,49,22,29.5,80.61,6.92,43.62,mungbean
17,25,40,31.01,53.68,5.8,67.28,mango
20,12,42,21.38,84.9,6.26,112.82,pomegranate
112,11,46,27.9,88.62,6.58,41.0,watermelon
27,75,20,23.52,23.12,5.92,109.2,kidneybeans
67,45,18,22.13,65.28,6.41,88.94,maize
27,132,178,23.23,92.73,5.82,118.6,apple
39,73,23,28.5,55.16,6.99,72.94,blackgram
47,65,75,14.2,14.84,6.94,65.19,chickpea
15,129,207,25.8,82.43,6.13,70.85,grapes
18,135,185,20.27,78.63,6.82,75.3,grapes
113,76,52,26.78,79.08,5.77,129.98,banana
123,62,24,23.54,82.36,6.91,110.82,cotton
71,45,42,22.37,77.89,6.57,237.35,rice
20,12,37,21.78,89.86,6.22,108.29,pomegranate
16,47,16,23.5,86.0,6.88,52.62,mungbean
95,105,53,31.74,86.98,6.07,109.52,banana
77,42,37,29.09,81.13,6.2,164.6,jute
15,38,21,26.81,85.51,6.56,32.19,mungbean
77,53,16,23.26,65.83,6.4,94.34,maize
39,64,85,20.4,14.68,7.12,65.43,chickpea
43,60,77,19.94,15.88,7.52,74.01,chickpea
33,64,85,18.73,12.69,7.28,69.98,chickpea
22,133,197,26.16,93.48,5.71,113.72,apple
66,62,45,22.56,73.43,6.91,226.56,rice
19,56,17,17.99,22.62,5.82,99.17,kidneybeans
57,72,64,34.0,90.01,6.94,141.01,papaya
98,32,25,25.05,56.99,6.43,151.6,coffee
41,56,18,31.68,59.74,6.24,67.73,blackgram
23,84,16,20.95,19.22,5.97,96.22,kidneybeans
21,30,34,30.51,51.42,6.19,112.48,mango
14,29,42,33.06,45.68,6.25,90.25,mango
24,12,31,23.54,93.45,5.65,134.7,coconut
52,48,45,31.88,90.01,6.39,148.05,papaya
19,135,194,23.04,87.47,5.79,99.84,apple
33,62,85,17.83,15.79,6.71,86.35,chickpea
14,10,41,19.15,92.78,5.97,101.33,pomegranate
35,66,77,21.4,17.98,7.09,89.33,chickpea
103,10,51,29.48,92.17,6.3,30.98,muskmelon
4,145,211,26.51,95.71,6.47,123.18,apple
91,10,55,26.16,91.55,5.78,23.03,muskmelon
95,15,43,26.52,89.94,6.05,23.66,muskmelon
23,24,25,30.49,51.2,6.39,64.29,mango
20,26,46,32.85,47.95,5.38,66.8,mango
111,61,15,25.44,79.49,7.57,85.11,cotton
21,3,24,27.34,95.27,5.93,182.38,coconut
23,13,35,21.01,90.88,6.71,79.58,pomegranate
85,46,38,25.7,86.13,6.74,269.16,rice
103,7,47,28.15,87.4,5.79,22.0,muskmelon
101,24,30,20.9,58.85,6.07,181.76,coffee
35,54,49,34.01,88.06,6.76,134.24,papaya
18,61,21,26.27,47.84,6.81,54.73,mothbeans
87,36,12,24.37,58.17,6.11,72.45,maize
18,28,25,31.71,50.75,5.2,109.94,mango
98,14,53,29.11,90.8,6.13,32.03,muskmelon
21,66,17,29.6,58.28,5.81,127.76,pigeonpeas
21,46,22,28.27,83.08,6.86,58.76,mungbean
97,25,34,25.89,69.28,6.85,148.98,coffee
11,122,197,25.5,82.57,6.64,59.64,grapes
16,8,24,23.38,96.44,6.07,175.21,coconut
111,48,23,23.3,68.74,6.94,77.66,cotton
16,71,17,27.62,52.23,5.86,143.41,pigeonpeas
82,41,32,22.21,76.59,7.01,256.45,rice
28,135,193,25.15,91.9,6.07,109.36,apple
17,7,34,21.42,85.58,6.78,110.83,pomegranate
103,26,28,27.81,54.54,7.03,190.23,coffee
37,55,84,18.34,16.46,7.96,84.48,chickpea
132,60,17,24.22,83.37,7.45,90.78,cotton
83,50,36,25.01,87.64,6.51,135.97,jute
15,29,29,31.15,56.69,5.52,74.76,mango
96,65,55,25.45,75.73,5.88,109.08,banana
43,59,45,36.62,94.37,6.96,163.54,papaya
15,132,210,18.75,93.57,5.84,107.11,apple
32,80,78,20.93,21.56,7.3,73.53,chickpea
86,52,38,24.15,75.74,6.78,224.45,rice
19,78,16,24.71,47.08,6.42,109.61,pigeonpeas
12,46,20,28.35,38.78,6.44,49.36,mothbeans
5,41,16,27.99,82.31,6.94,31.41,mungbean
84,42,30,24.56,73.22,6.86,151.26,jute
12,16,39,21.38,91.76,6.79,124.19,pomegranate
23,139,203,16.44,82.05,6.49,75.27,grapes
21,46,17,26.56,58.25,6.8,57.82,mothbeans
77,36,38,24.8,76.86,7.01,193.39,jute
84,64,19,20.9,58.1,5.91,89.5,maize
15,8,18,30.21,98.19,5.7,170.44,coconut
77,55,19,23.03,66.61,5.93,104.88,maize
36,68,83,15.61,10.11,6.83,61.69,chickpea
88,83,42,27.08,72.89,6.14,91.13,banana
72,47,34,22.39,76.01,7.09,231.06,rice
12,14,35,26.44,95.61,6.0,214.45,coconut
70,57,38,26.69,82.68,6.54,163.26,jute
21,25,32,30.41,47.48,5.19,108.89,mango
110,13,55,26.5,88.33,5.97,31.67,muskmelon
16,135,189,22.95,91.7,6.06,103.1,apple
110,89,53,30.64,79.58,6.19,96.23,banana
23,70,15,25.58,49.39,6.04,117.4,pigeonpeas
43,69,23,31.58,69.85,7.1,56.11,blackgram
20,9,13,18.57,85.15,6.94,117.03,orange
38,64,72,19.53,15.4,6.65,36.92,chickpea
99,10,48,25.95,83.22,6.88,48.86,watermelon
79,83,50,26.84,84.96,6.22,109.47,banana
19,144,202,20.91,89.87,6.18,129.48,apple
41,75,72,14.98,12.42,7.38,71.72,chickpea
109,30,20,24.82,69.52,6.91,167.36,coffee
10,64,20,28.4,47.45,6.01,90.23,pigeonpeas
9,10,6,23.01,88.57,6.64,134.07,orange
20,139,183,25.04,87.32,6.64,103.83,apple
16,10,27,24.13,99.38,5.65,179.4,coconut
60,55,53,33.82,87.09,6.52,142.75,papaya
85,12,50,26.71,85.19,6.67,41.86,watermelon
19,52,22,30.44,53.29,7.15,46.85,mothbeans
37,64,53,32.63,87.51,6.8,144.88,papaya
49,63,79,18.53,14.65,7.19,78.19,chickpea
19,8,49,25.17,87.4,6.67,121.24,pomegranate
30,76,79,19.84,13.78,6.53,92.27,chickpea
57,63,46,36.17,87.93,6.77,159.5,papaya
29,77,20,19.89,58.19,7.88,47.69,lentil
22,121,199,22.43,90.42,5.69,105.71,apple
19,9,40,21.65,88.7,6.88,92.46,pomegranate
39,82,88,17.59,15.19,7.14,65.02,chickpea
10,29,28,32.13,52.92,6.31,72.39,mango
49,78,79,14.26,15.18,7.39,79.66,chickpea
22,8,38,22.08,86.51,6.39,97.11,pomegranate
89,6,53,22.93,84.01,6.64,49.34,watermelon
21,71,21,20.15,24.23,5.94,91.44,kidneybeans
25,50,23,29.08,79.21,6.3,34.48,mungbean
98,10,50,28.5,88.73,6.63,26.48,muskmelon
108,9,56,27.77,85.31,6.36,40.27,watermelon
13,66,22,19.74,26.53,5.36,109.82,kidneybeans
113,9,39,29.36,95.82,6.58,21.69,muskmelon
23,25,29,31.68,50.54,6.2,104.66,mango
89,42,38,22.72,74.68,6.59,237.83,rice
44,68,23,31.97,58.0,7.18,67.94,blackgram
40,69,76,17.87,18.85,7.36,77.91,chickpea
124,83,47,24.65,82.34,6.53,101.29,banana
33,68,15,32.3,63.97,7.34,64.73,blackgram
15,58,23,28.18,45.31,6.09,119.48,pigeonpeas
44,53,48,33.84,91.05,7.15,152.62,papaya
28,68,20,28.89,43.65,6.68,144.05,pigeonpeas
12,40,18,24.43,85.24,6.63,33.27,mungbean
21,6,36,21.43,94.83,6.34,147.72,coconut
120,40,11,26.7,83.6,7.16,70.89,cotton
25,132,194,26.38,83.94,5.73,56.72,grapes
21,126,177,22.06,92.7,5.88,85.02,apple
20,67,19,23.88,52.26,6.91,49.6,lentil
89,74,47,25.49,81.12,5.42,88.23,banana
89,48,37,24.64,71.27,6.75,188.77,jute
25,138,189,23.18,88.17,6.27,108.89,apple
21,6,38,21.42,86.7,7.04,97.2,pomegranate
17,133,195,20.32,100.0,5.85,76.74,apple
19,49,22,29.55,84.05,6.64,55.1,mungbean
88,4,55,25.91,91.46,6.53,21.93,muskmelon
92,23,38,27.42,48.69,6.57,164.85,coffee
99,30,29,24.82,57.63,6.81,153.9,coffee
27,58,20,25.31,47.06,5.67,127.84,pigeonpeas
76,54,47,26.6,84.61,7.08,186.03,jute
24,64,18,20.53,20.69,5.78,141.5,kidneybeans
112,69,45,22.43,76.09,6.23,98.79,banana
82,50,22,25.83,70.07,5.46,70.81,maize
74,44,35,21.52,85.7,7.09,149.53,jute
102,42,18,21.25,62.22,5.95,107.84,maize
32,80,21,27.64,48.94,5.62,141.55,pigeonpeas
14,24,33,28.55,55.29,5.59,89.17,mango
27,61,24,21.0,17.8,5.91,78.5,kidneybeans
25,5,36,19.5,84.74,6.53,137.09,pomegranate
100,13,48,26.26,84.88,6.47,52.59,watermelon
38,81,19,29.96,62.59,7.33,89.6,blackgram
74,49,18,25.01,60.53,6.13,83.4,maize
79,38,36,23.59,77.7,6.38,260.19,rice
16,52,21,30.14,42.0,5.87,58.58,mothbeans
14,52,21,16.87,22.29,5.72,120.19,kidneybeans
18,23,43,31.98,45.75,6.15,106.54,mango
127,47,17,22.16,87.93,7.29,109.15,cotton
52,51,46,31.78,89.83,6.7,141.0,papaya
26,51,17,27.38,44.93,6.52,59.79,mothbeans
121,51,16,24.72,78.86,7.08,69.13,cotton
32,52,20,30.86,96.72,6.96,59.49,mungbean
20,12,4,22.76,91.79,7.22,107.18,orange
74,43,46,22.46,76.66,6.63,174.69,jute
34,53,17,27.22,73.52,6.97,66.54,blackgram
23,57,25,30.19,90.81,6.53,38.44,mungbean
95,36,32,25.83,67.93,6.1,143.69,coffee
96,93,40,22.86,80.45,5.87,105.12,banana
16,74,22,31.2,49.12,6.27,141.96,pigeonpeas
43,50,51,33.28,91.41,7.22,153.24,papaya
20,101,195,23.4,93.06,6.27,104.19,apple
16,10,43,23.43,86.32,7.16,121.51,pomegranate
78,41,20,19.39,66.65,6.53,60.09,maize
11,41,32,31.92,53.08,6.08,92.89,mango
21,5,39,26.79,94.71,5.71,175.48,coconut
12,133,205,24.83,92.54,5.6,95.61,apple
17,72,15,24.87,62.26,7.48,42.29,lentil
83,37,35,27.28,81.55,6.63,157.83,jute
14,52,18,27.74,48.36,6.2,42.21,mothbeans
7,79,22,21.5,52.61,7.47,42.63,lentil
26,4,33,24.47,98.77,5.54,198.05,coconut
34,46,23,33.08,62.23,6.92,62.46,blackgram
71,33,51,24.12,85.68,6.58,205.77,jute
18,52,15,28.95,87.76,6.9,30.63,mungbean
112,53,15,25.25,88.91,7.17,89.57,cotton
101,12,53,24.55,83.4,6.69,57.15,watermelon
21,127,198,25.23,90.68,6.18,110.56,apple
25,125,195,19.51,79.77,6.21,70.08,grapes
18,8,26,27.27,94.35,6.15,142.55,coconut
21,141,209,22.99,86.06,5.05,90.52,grapes
102,8,45,23.31,93.31,6.42,30.74,watermelon
79,31,39,20.89,85.35,6.61,201.8,rice
17,24,32,34.12,55.86,5.3,114.34,mango
14,31,37,35.31,64.33,5.44,137.36,mango
101,30,27,28.1,56.0,6.21,152.17,coffee
25,10,38,21.42,90.06,6.26,118.68,pomegranate
105,85,54,27.79,78.44,5.76,101.27,banana
20,141,223,21.45,84.4,6.31,80.73,grapes
78,55,38,22.05,79.18,6.54,184.84,jute
11,5,10,18.52,98.32,6.38,98.0,orange
110,42,16,23.05,77.02,6.29,90.5,cotton
26,28,31,33.12,46.38,5.82,96.88,mango
49,70,46,32.98,84.99,7.32,128.94,papaya
99,13,46,32.23,89.99,6.33,23.59,muskmelon
19,30,20,30.86,40.63,6.57,53.29,mothbeans
64,59,40,24.21,78.11,6.2,186.87,jute
42,66,88,19.48,19.2,7.2,97.6,chickpea
17,50,22,27.55,53.33,7.38,40.84,mothbeans
20,11,52,19.51,86.64,6.27,110.48,pomegranate
106,14,44,28.68,85.85,6.5,46.02,watermelon
23,54,17,28.84,43.72,6.84,37.36,mothbeans
137,43,17,24.59,83.58,7.27,65.57,cotton
56,63,60,33.59,93.73,6.36,132.63,papaya
100,12,58,26.96,84.75,6.91,28.08,watermelon
18,32,18,25.92,44.96,6.75,59.58,mothbeans
87,57,35,25.43,84.06,6.75,286.9,rice
30,12,39,25.74,96.4,6.4,157.07,coconut
17,48,18,23.99,46.06,6.68,56.34,mothbeans
18,48,23,30.54,47.45,6.64,49.44,mothbeans
91,60,20,20.99,67.3,5.93,120.2,maize
74,44,41,20.6,74.96,6.28,223.6,rice
71,42,22,21.91,71.24,5.93,94.18,maize
19,8,24,26.69,95.83,6.16,218.41,coconut
18,8,10,20.73,92.99,6.84,117.03,orange
17,9,44,19.97,89.21,6.61,80.88,pomegranate
18,65,23,21.12,18.67,5.87,117.47,kidneybeans
104,11,51,27.49,86.73,6.41,45.37,watermelon
18,47,19,30.94,79.62,6.47,60.36,mungbean
38,69,22,31.28,66.29,7.36,54.81,blackgram
92,50,36,26.6,82.58,6.85,232.03,rice
78,40,33,25.35,91.55,6.08,246.89,rice
114,42,15,25.98,79.13,6.63,67.6,cotton
105,50,16,25.26,76.89,6.68,91.99,cotton
11,59,19,25.57,52.53,5.71,183.3,pigeonpeas
31,13,10,25.1,87.09,7.76,101.15,orange
49,61,23,28.9,58.32,7.22,82.91,blackgram
16,71,21,25.78,51.53,7.2,44.3,lentil
110,88,49,21.09,76.79,5.81,90.33,banana
14,28,37,33.74,51.15,5.67,99.03,mango
75,55,23,20.04,67.99,6.48,85.54,maize
21,139,174,23.86,91.98,6.26,123.72,apple
12,7,29,18.65,90.54,5.91,87.78,pomegranate
21,28,37,31.99,47.98,5.8,96.77,mango
121,48,18,25.65,70.69,6.84,72.73,cotton
26,54,22,26.57,84.6,6.61,39.94,mungbean
20,58,25,31.29,50.78,6.41,143.51,pigeonpeas
38,73,81,17.0,16.04,6.76,96.14,chickpea
20,111,199,22.96,91.74,5.83,95.8,apple
103,36,27,27.05,59.53,7.19,171.52,coffee
26,69,14,25.27,49.07,6.12,138.87,pigeonpeas
78,46,35,25.54,91.31,6.65,166.33,jute
88,55,38,21.98,81.23,6.52,145.2,jute
70,40,45,21.34,88.09,6.7,159.55,jute
60,51,43,33.49,85.52,7.17,163.31,papaya
25,71,17,28.86,60.97,6.74,59.64,lentil
17,122,211,18.89,83.69,6.27,61.2,grapes
82,58,31,23.87,83.3,6.73,192.89,rice
15,6,11,20.61,87.29,7.29,130.93,orange
17,50,21,28.3,84.71,6.82,47.69,mungbean
15,27,31,30.95,52.93,5.91,122.49,mango
13,72,21,18.61,23.75,5.88,101.92,kidneybeans
19,131,204,25.18,82.71,5.52,60.62,grapes
14,59,18,31.41,84.61,6.15,58.92,mungbean
16,14,13,24.07,90.65,6.74,101.13,orange
13,64,20,26.59,48.91,5.96,138.38,pigeonpeas
112,74,43,29.36,83.66,6.38,117.01,banana
75,53,51,23.86,83.24,6.36,204.5,rice
26,74,19,26.66,39.87,5.57,178.23,pigeonpeas
33,10,45,21.96,91.5,6.4,112.93,pomegranate
94,37,25,25.03,51.92,6.4,190.95,coffee
85,10,51,30.27,97.35,5.89,24.74,muskmelon
29,76,21,28.53,64.29,7.48,77.34,blackgram
53,71,53,35.12,92.88,6.35,129.33,papaya
44,59,49,33.66,99.57,6.91,114.46,papaya
20,1,41,20.8,89.78,6.39,122.11,pomegranate
22,79,22,21.58,22.25,6.22,116.15,kidneybeans
44,68,77,18.28,16.73,6.89,76.12,chickpea
20,39,17,28.7,90.52,6.62,47.64,mungbean
20,46,18,26.85,81.56,6.29,49.24,mungbean
20,24,28,35.5,48.46,5.94,103.12,mango
21,53,21,28.1,53.19,6.42,147.35,pigeonpeas
106,5,48,28.25,93.42,5.48,25.83,muskmelon
20,16,26,30.54,40.63,5.34,65.29,mango
17,40,19,28.98,47.95,6.92,68.13,mothbeans
29,72,15,28.47,42.26,6.43,130.58,pigeonpeas
94,8,54,27.19,94.75,6.67,16.66,muskmelon
88,48,47,22.97,95.6,6.69,204.29,rice
16,18,34,18.79,92.2,5.88,106.47,pomegranate
96,14,46,27.86,90.38,6.27,22.08,muskmelon
16,74,22,28.4,55.92,5.53,173.34,pigeonpeas
25,151,178,18.65,91.26,5.54,110.69,apple
13,53,22,29.27,80.03,6.77,38.17,mungbean
85,46,41,22.29,82.43,6.45,265.03,rice
15,70,17,19.18,19.01,6.0,122.88,kidneybeans
16,124,183,22.05,95.23,6.0,122.89,apple
75,56,40,21.34,78.42,6.7,208.09,rice
20,28,30,30.22,49.71,6.25,96.71,mango
59,77,56,31.95,89.91,6.75,171.77,papaya
22,38,20,29.34,55.64,7.16,57.61,mothbeans
115,59,21,25.65,86.13,7.16,93.93,cotton
17,3,41,20.95,92.91,6.17,100.71,pomegranate
9,77,18,28.35,55.99,5.45,125.81,pigeonpeas
51,55,52,34.59,95.47,7.09,152.37,papaya
20,61,21,24.07,55.3,7.33,59.29,lentil
91,46,20,22.15,65.08,5.76,68.4,maize
48,65,75,16.41,11.1,7.62,63.45,chickpea
86,10,52,29.53,95.2,6.07,22.34,muskmelon
124,42,15,22.14,76.25,7.16,97.28,cotton
17,68,24,17.52,17.6,5.85,110.76,kidneybeans
33,63,82,21.84,18.18,6.64,86.67,chickpea
17,36,19,30.91,77.36,6.38,51.26,mungbean
89,17,30,27.09,57.46,6.64,169.29,coffee
92,33,36,23.65,59.54,7.35,168.31,coffee
18,10,10,20.73,92.58,6.96,108.59,orange
89,10,39,26.47,86.98,6.72,46.05,watermelon
17,7,10,21.82,93.95,6.86,135.78,orange
22,136,217,19.24,87.26,5.0,62.31,grapes
89,19,31,24.44,53.1,6.42,163.22,coffee
25,69,23,29.71,47.18,5.67,141.56,pigeonpeas
16,23,27,31.65,55.97,5.26,90.2,mango
19,137,176,20.8,87.09,5.92,128.17,apple
20,26,30,31.8,47.11,5.44,88.27,mango
14,17,48,21.44,90.77,6.31,116.49,pomegranate
97,20,35,26.52,61.96,7.19,143.5,coffee
16,70,19,23.02,39.4,5.76,149.15,pigeonpeas
113,32,29,22.93,55.18,7.28,187.71,coffee
12,152,179,22.53,81.9,6.77,56.75,grapes
90,36,22,28.04,84.51,7.1,79.68,cotton
18,5,32,19.5,87.23,6.21,117.77,pomegranate
44,62,52,31.78,91.78,6.75,136.72,papaya
17,144,204,21.38,91.25,6.49,106.47,apple
29,66,18,25.61,73.0,7.21,75.33,blackgram
17,67,19,24.04,57.47,6.02,148.86,pigeonpeas
86,12,46,23.94,87.98,5.94,34.76,watermelon
37,62,46,33.0,92.93,6.74,148.46,papaya
28,60,23,29.66,65.4,7.23,76.96,blackgram
20,153,179,25.89,86.99,5.87,78.6,grapes
12,64,15,25.89,63.58,6.11,63.34,lentil
80,53,38,24.15,81.35,6.53,247.85,rice
104,21,29,26.03,55.82,6.89,176.12,coffee
59,72,54,36.04,90.97,6.61,133.32,papaya
42,69,84,18.23,18.17,6.97,83.98,chickpea
90,31,33,22.99,50.67,6.8,195.84,coffee
68,28,32,18.5,90.56,6.86,156.51,jute
18,37,21,26.33,58.92,7.03,44.19,mothbeans
10,10,41,20.14,86.15,6.94,117.37,pomegranate
55,50,38,31.55,91.27,7.57,153.15,papaya
18,61,25,25.79,47.22,6.08,115.96,pigeonpeas
25,121,187,25.13,93.94,6.02,117.1,apple
27,64,19,19.85,20.65,5.86,98.63,kidneybeans
20,8,6,19.63,89.03,6.91,139.28,orange
18,37,17,29.04,49.61,6.87,40.05,mothbeans
85,57,44,24.8,80.42,6.73,206.82,rice
19,43,15,26.34,74.89,6.67,44.02,mungbean
85,11,46,27.65,85.68,6.68,64.11,watermelon
13,13,38,24.04,91.47,6.13,131.37,pomegranate
13,10,32,23.78,93.16,5.96,157.27,coconut
26,3,36,25.91,94.84,5.84,205.86,coconut
82,38,38,23.63,70.87,7.12,161.08,jute
16,7,48,22.61,87.19,6.83,113.01,pomegranate
24,58,22,23.08,18.63,5.52,125.26,kidneybeans
16,32,18,30.0,54.97,7.08,54.29,mothbeans
78,54,42,26.14,86.94,6.46,165.54,jute
24,75,17,20.08,24.05,5.74,126.09,kidneybeans
80,37,33,22.83,90.35,6.42,184.91,rice
16,62,18,23.73,56.82,6.88,53.6,lentil
52,59,49,35.12,97.01,6.88,154.83,papaya
13,9,42,19.08,92.43,6.25,102.76,pomegranate
20,11,8,21.06,90.22,6.99,74.26,orange
51,67,80,19.92,17.7,7.29,84.31,chickpea
83,52,29,29.2,77.12,6.52,169.9,jute
16,7,33,21.07,91.16,6.71,113.61,pomegranate
106,58,18,24.04,69.78,6.6,89.15,cotton
26,44,16,28.7,48.43,6.94,51.92,mothbeans
17,43,20,25.51,91.4,6.5,57.22,mungbean
23,133,200,22.69,82.24,6.19,72.67,grapes
11,49,19,28.79,82.39,7.62,63.6,mungbean
32,68,18,30.15,53.41,6.81,51.8,lentil
110,39,18,23.95,76.71,7.31,85.21,cotton
21,60,17,22.25,18.43,6.29,96.49,kidneybeans
10,23,14,31.23,44.29,5.82,70.62,mango
92,10,50,29.12,94.57,5.92,15.44,muskmelon
22,79,21,19.37,22.0,5.42,119.07,kidneybeans
18,8,10,22.61,89.83,6.35,95.11,orange
23,57,22,25.5,46.24,5.41,129.97,pigeonpeas
76,48,19,24.43,76.05,5.98,69.45,maize
81,57,39,25.3,79.53,7.04,161.64,jute
126,30,34,26.68,61.12,6.96,137.96,coffee
111,58,20,25.13,87.57,6.29,99.18,cotton
62,60,25,21.27,63.06,6.31,95.02,maize
20,58,19,27.24,66.0,6.79,49.13,lentil
14,72,21,18.39,24.69,5.61,113.8,kidneybeans
19,8,46,20.52,85.76,6.34,119.29,pomegranate
57,49,61,35.21,86.95,6.59,157.24,papaya
80,40,42,23.9,79.0,6.52,218.44,rice
13,69,23,24.99,50.92,6.38,140.25,pigeonpeas
92,12,48,31.68,93.5,6.15,24.95,muskmelon
13,42,19,25.31,81.3,6.9,64.27,mungbean
16,63,16,20.88,24.34,5.94,135.12,kidneybeans
63,49,19,23.66,65.6,5.81,107.95,maize
80,62,45,23.16,92.09,6.79,199.93,jute
13,70,22,19.16,14.19,5.86,116.55,kidneybeans
46,54,86,15.18,20.1,7.34,63.64,chickpea
124,43,25,27.09,80.16,7.46,106.75,cotton
20,39,20,30.92,50.24,7.18,47.63,mothbeans
13,143,208,19.25,94.29,6.28,111.87,apple
53,59,52,36.85,94.18,7.18,146.42,papaya
18,7,41,21.07,86.47,6.94,100.67,pomegranate
115,43,18,24.35,91.54,6.78,75.23,cotton
27,26,20,32.08,42.78,5.98,101.17,mango
21,136,195,25.54,79.87,5.15,65.76,grapes
26,27,36,31.12,54.25,4.91,131.28,mango
63,38,32,23.97,52.38,6.65,174.34,coffee
104,28,29,25.31,53.67,6.8,148.31,coffee
131,39,23,28.21,83.82,7.24,82.54,cotton
13,52,11,26.74,45.56,7.05,50.23,mothbeans
20,8,30,25.63,97.22,6.43,172.33,coconut
16,9,27,29.42,94.05,5.76,213.85,coconut
11,10,31,30.07,97.62,6.26,131.75,coconut
17,119,196,21.69,97.55,5.65,111.54,apple
20,13,11,25.84,83.6,6.91,129.61,orange
14,26,25,30.73,55.08,5.84,134.1,mango
9,25,35,33.08,54.57,5.41,119.24,mango
24,9,7,22.16,90.98,7.59,91.62,orange
103,83,45,28.22,76.22,5.97,126.7,banana
10,124,181,23.32,88.66,6.13,107.2,apple
21,135,222,22.33,86.44,5.74,83.29,grapes
43,58,24,28.79,69.55,7.47,74.57,blackgram
22,46,20,20.66,24.77,5.5,111.29,kidneybeans
22,130,185,16.73,83.29,6.07,63.82,grapes
115,69,18,23.13,75.63,7.38,74.41,cotton
12,52,18,21.23,57.88,7.0,41.09,lentil
77,83,59,26.29,78.87,6.09,96.62,banana
16,61,14,30.62,46.88,7.14,50.8,mothbeans
5,146,207,23.16,91.81,6.05,101.04,apple
74,49,41,23.82,87.25,6.46,180.23,jute
12,71,22,23.3,65.83,6.13,35.05,lentil
96,26,28,27.34,57.35,7.11,190.76,coffee
18,10,13,22.26,92.64,6.97,128.56,orange
17,56,23,23.5,53.66,6.73,50.68,lentil
44,63,17,29.98,65.69,7.88,68.16,blackgram
99,83,31,25.38,78.04,6.45,88.8,banana
27,63,14,22.02,19.95,6.04,80.45,kidneybeans
15,9,43,26.5,89.32,6.08,116.03,pomegranate
77,40,37,24.67,82.01,7.08,165.72,jute
31,60,54,31.83,89.49,6.24,168.85,papaya
25,67,24,23.16,59.73,6.43,50.07,lentil
12,14,33,28.57,96.18,6.05,204.21,coconut
20,63,19,23.35,26.02,5.41,122.45,kidneybeans
16,57,18,20.36,23.79,5.63,103.81,kidneybeans
25,44,16,30.84,47.43,6.89,62.35,mothbeans
41,62,53,35.18,93.72,6.65,155.72,papaya
33,76,80,18.48,16.02,7.05,92.38,chickpea
96,14,49,23.69,86.68,6.38,37.76,watermelon
26,31,26,33.86,48.5,5.31,92.42,mango
13,23,29,29.47,51.69,5.71,95.16,mango
86,46,20,22.92,54.79,6.1,79.77,maize
88,84,43,25.94,82.5,5.71,129.08,banana
62,43,34,24.13,77.46,6.08,273.97,rice
14,25,17,29.91,50.58,6.71,49.78,mothbeans
21,124,191,20.53,82.3,6.45,95.0,apple
22,76,24,19.28,18.02,5.68,113.9,kidneybeans
22,65,19,24.8,56.19,6.88,65.3,lentil
34,79,78,19.08,17.78,6.96,92.16,chickpea
20,70,25,22.14,22.57,6.08,94.51,kidneybeans
105,58,20,23.59,82.15,7.07,91.51,cotton
28,62,25,29.05,52.77,6.09,135.03,pigeonpeas
52,72,78,19.89,16.0,7.35,85.54,chickpea
38,60,85,18.26,10.48,7.25,71.97,chickpea
93,6,44,29.37,91.33,5.8,27.39,muskmelon
15,127,204,23.04,83.3,6.71,64.92,grapes
24,71,21,23.65,62.25,6.7,55.56,lentil
16,152,189,24.55,94.53,6.09,99.94,apple
19,56,20,28.92,79.54,6.77,60.35,mungbean
23,64,16,26.6,56.29,5.79,147.17,pigeonpeas
57,73,82,14.9,15.37,6.76,70.69,chickpea
133,57,19,24.46,73.41,7.15,84.12,cotton
18,73,76,14.84,18.53,7.41,77.94,chickpea
9,74,20,28.52,69.63,5.17,174.49,pigeonpeas
18,115,219,23.32,81.42,6.36,74.22,grapes
12,133,183,21.94,90.88,6.08,101.71,apple
24,67,19,20.3,19.49,6.43,85.89,kidneybeans
41,65,20,33.03,66.91,6.89,65.0,blackgram
47,54,17,26.39,63.63,6.99,71.14,blackgram
20,78,17,28.59,51.0,6.11,165.45,pigeonpeas
92,27,28,25.73,54.26,6.42,159.17,coffee
15,78,17,21.26,61.9,6.47,53.21,lentil
124,45,17,24.7,81.01,7.63,70.63,cotton
22,13,13,22.12,93.93,6.89,96.15,orange
8,11,42,25.63,90.47,6.75,107.07,pomegranate
19,8,14,26.01,92.32,6.62,91.61,orange
15,117,212,23.14,93.2,5.89,105.81,apple
20,57,21,26.3,60.43,6.91,62.75,mothbeans
105,26,32,23.54,58.36,7.04,98.11,coffee
18,89,20,23.73,48.97,7.36,36.55,lentil
90,49,26,23.29,65.96,6.08,92.0,maize
79,37,18,23.14,57.04,6.38,89.71,maize
10,6,46,20.95,87.98,6.12,101.67,pomegranate
109,11,47,24.55,90.51,6.21,23.44,muskmelon
82,47,22,25.28,67.79,6.2,70.32,maize
20,51,18,25.18,87.52,6.08,46.83,mungbean
92,41,40,23.43,78.43,6.79,159.34,jute
84,39,18,26.33,64.05,6.29,103.05,maize
15,73,21,24.18,55.41,6.84,34.35,lentil
39,71,72,16.25,13.42,7.04,105.99,chickpea
15,41,18,25.77,80.13,6.91,36.93,mungbean
16,9,36,27.99,92.84,5.7,163.01,coconut
19,13,47,27.23,92.38,5.82,187.51,coconut
120,67,19,23.57,84.33,6.89,81.28,cotton
21,77,18,16.25,23.86,5.61,92.16,kidneybeans
38,70,84,16.89,21.48,6.92,79.68,chickpea
25,48,17,29.98,46.91,7.01,45.23,mothbeans
96,18,45,25.2,63.19,6.43,179.93,coffee
52,58,16,27.81,64.66,7.13,77.4,blackgram
104,49,19,27.36,84.64,6.81,85.59,cotton
65,59,19,24.73,66.71,6.38,98.55,maize
15,54,15,26.73,50.98,6.55,47.64,mothbeans
15,74,14,25.79,54.5,7.3,51.61,lentil
20,62,22,20.84,23.48,5.64,77.7,kidneybeans
91,68,50,27.56,87.45,5.62,122.32,banana
110,8,51,24.48,85.55,6.77,37.73,watermelon
22,136,202,25.07,79.6,5.88,71.92,grapes
20,58,19,24.57,61.34,6.35,61.97,lentil
52,67,16,25.83,57.64,6.59,83.78,blackgram
84,63,40,24.02,81.63,5.92,229.2,rice
10,13,37,20.28,84.7,7.02,90.66,pomegranate
27,28,30,34.77,42.84,5.29,70.76,mango
11,8,32,25.35,96.17,5.92,198.2,coconut
121,42,20,23.34,84.4,7.1,75.27,cotton
11,44,14,29.5,37.67,6.81,29.22,mothbeans
17,54,20,26.53,84.97,6.94,48.12,mungbean
23,60,15,20.9,48.88,6.59,46.99,lentil
22,110,197,20.03,81.39,6.39,73.05,grapes
20,60,17,29.87,57.18,5.9,140.92,pigeonpeas
90,83,47,29.36,86.56,6.26,109.59,banana
79,45,20,19.81,60.14,6.68,80.15,maize
124,97,50,27.77,86.8,5.96,95.15,banana
91,9,53,29.6,89.88,6.05,28.28,muskmelon
24,150,189,23.2,81.18,5.22,66.9,grapes
12,68,22,21.11,64.1,7.13,59.54,lentil
96,8,54,26.52,84.44,6.92,47.88,watermelon
96,87,40,29.36,85.26,6.03,101.6,banana
8,118,191,22.49,91.56,5.96,116.12,apple
16,30,31,29.88,57.1,5.92,105.95,mango
21,55,20,29.24,56.19,6.95,53.12,mothbeans
101,83,45,26.23,78.97,6.48,73.79,banana
19,4,11,19.18,92.3,6.84,93.83,orange
20,9,9,22.17,91.65,7.26,119.13,orange
19,128,188,24.38,92.23,5.95,98.79,apple
81,42,39,25.92,84.54,6.9,167.4,jute
18,28,24,32.37,46.19,5.74,108.17,mango
74,53,43,23.46,82.59,6.88,212.25,rice
11,136,196,25.17,87.59,5.14,63.0,grapes
38,64,70,20.0,13.78,7.07,111.11,chickpea
53,66,47,34.51,91.01,7.02,147.55,papaya
95,31,25,22.92,64.52,5.98,95.99,maize
105,8,44,26.87,90.63,6.19,35.83,muskmelon
55,65,50,35.28,99.64,7.31,137.16,papaya
77,46,51,26.62,92.4,6.65,173.3,jute
63,40,15,20.55,70.27,5.82,129.49,maize
13,121,187,21.04,90.55,6.07,122.99,apple
26,65,12,26.78,49.68,5.6,129.7,pigeonpeas
115,26,27,25.4,61.18,6.9,212.96,coffee
10,125,206,23.41,96.06,6.36,105.72,apple
17,2,32,26.92,97.69,6.11,145.43,coconut
17,61,20,25.37,58.03,7.02,53.06,lentil
18,33,30,32.92,55.16,5.96,80.45,mango
86,6,58,28.59,91.27,5.94,27.24,muskmelon
91,55,42,26.23,76.92,7.36,175.86,jute
136,65,18,20.0,69.51,7.4,79.29,cotton
20,13,10,24.26,86.99,7.11,98.98,orange
18,10,38,18.41,94.78,6.53,131.47,pomegranate
44,81,19,30.14,65.96,7.72,49.01,blackgram
73,44,37,21.77,82.24,6.25,238.11,rice
25,42,20,28.1,45.49,6.25,53.23,mothbeans
80,7,52,29.79,89.96,6.21,22.01,muskmelon
93,10,62,23.77,91.12,7.1,49.03,watermelon
13,71,17,24.09,54.84,7.13,41.63,lentil
20,71,20,27.35,44.02,6.58,176.14,pigeonpeas
23,129,195,24.81,79.78,5.86,71.21,grapes
24,39,24,28.63,51.44,7.39,38.88,mothbeans
17,10,45,20.28,86.98,6.58,83.1,pomegranate
62,49,44,21.76,82.25,7.2,212.76,jute
95,11,45,23.08,88.73,6.72,50.66,watermelon
91,25,28,26.94,55.96,6.55,152.97,coffee
58,51,44,25.89,76.8,6.46,184.89,jute
15,133,191,21.11,91.78,6.1,88.45,apple
68,61,49,24.53,78.15,6.98,186.02,jute
26,6,12,27.54,91.99,6.75,111.85,orange
20,18,25,30.14,46.02,5.88,92.59,mango
20,84,20,19.62,20.93,5.75,130.59,kidneybeans
97,7,49,22.69,84.77,6.95,43.89,watermelon
18,83,24,31.94,49.2,6.12,109.67,pigeonpeas
109,45,10,24.8,76.78,7.33,85.85,cotton
14,10,6,16.72,94.18,7.17,117.01,orange
116,9,56,25.85,81.93,7.05,59.91,watermelon
105,8,48,32.44,94.82,6.07,27.85,muskmelon
122,58,18,24.81,79.65,7.13,70.18,cotton
25,80,16,18.38,18.23,5.73,117.0,kidneybeans
31,68,82,19.89,17.53,6.89,67.59,chickpea
35,69,22,34.76,69.14,7.35,64.94,blackgram
5,78,22,21.01,56.96,7.43,64.48,lentil
79,49,29,24.16,85.02,6.67,160.25,jute
16,12,41,21.48,92.64,6.64,131.7,pomegranate
109,11,51,27.18,91.4,6.28,27.75,muskmelon
19,10,28,26.66,91.83,6.11,187.95,coconut
107,75,56,27.28,76.64,6.2,118.4,banana
94,15,60,32.16,91.42,5.77,13.28,muskmelon
106,89,48,24.53,86.37,5.97,130.95,banana
65,36,20,24.59,73.42,6.02,106.18,maize
27,68,23,29.78,62.99,6.82,57.22,lentil
19,127,207,19.96,81.91,6.16,70.33,grapes
109,24,29,23.52,56.95,7.01,162.69,coffee
35,67,71,17.11,15.77,6.84,82.29,chickpea
25,52,13,27.44,82.19,6.84,23.75,mungbean
8,66,20,24.39,59.28,6.82,60.23,lentil
29,66,23,25.62,72.67,7.34,65.4,blackgram
104,75,51,25.54,75.51,5.81,99.37,banana
103,53,40,24.64,78.76,7.15,165.19,jute
24,22,26,33.49,46.19,5.68,118.64,mango
18,41,19,31.2,52.01,7.14,35.84,mothbeans
21,43,19,31.34,43.29,7.45,46.78,mothbeans
105,12,56,29.53,85.73,6.58,34.77,watermelon
30,70,17,28.96,71.63,7.25,71.58,blackgram
27,9,12,25.03,91.15,7.39,66.37,orange
108,8,46,27.54,81.13,6.41,53.29,watermelon
13,140,182,18.86,97.61,5.58,112.76,apple
17,117,162,20.42,95.34,5.88,107.46,apple
88,29,33,21.91,52.39,7.07,177.52,coffee
28,77,20,31.68,64.49,6.75,77.51,blackgram
83,12,44,24.82,89.4,6.08,34.67,watermelon
105,45,21,24.83,78.07,7.06,81.61,cotton
86,54,20,22.71,64.69,5.9,85.79,maize
36,88,19,27.19,64.33,7.16,86.73,blackgram
17,132,199,23.78,80.35,5.8,72.87,grapes
33,65,70,18.93,17.0,6.75,89.89,chickpea
19,145,190,21.72,83.43,5.77,71.53,grapes
26,10,30,24.11,94.38,5.93,158.42,coconut
103,91,45,26.17,76.38,6.09,99.62,banana
15,40,23,30.39,87.44,7.02,41.21,mungbean
31,42,18,27.87,49.98,6.91,62.84,mothbeans
123,40,20,22.75,78.62,7.31,93.63,cotton
21,82,19,18.3,20.04,5.47,98.23,kidneybeans
125,48,20,20.23,78.14,6.8,70.11,cotton
101,6,51,24.58,88.14,6.73,45.04,watermelon
19,10,35,26.77,95.03,5.82,183.61,coconut
23,136,223,21.13,84.08,5.89,81.9,grapes
15,139,206,21.86,96.8,6.47,123.99,apple
45,56,47,35.25,91.08,6.26,144.28,papaya
85,50,36,23.08,79.53,6.32,255.49,rice
112,9,55,24.54,85.81,6.56,49.55,watermelon
96,29,30,27.03,50.41,7.3,170.5,coffee
18,130,203,22.49,97.12,5.7,109.04,apple
30,149,198,21.77,84.09,5.86,58.43,grapes
17,30,33,35.89,54.78,5.78,81.64,mango
8,7,26,28.89,94.98,6.34,148.5,coconut
31,82,16,27.66,58.0,6.85,49.37,lentil
18,47,21,29.08,75.02,6.36,59.29,mungbean
109,7,50,27.83,91.59,5.93,22.94,muskmelon
23,13,28,30.98,93.82,6.07,179.91,coconut
24,7,6,21.65,96.7,7.19,120.56,orange
110,9,48,29.63,92.82,6.61,31.46,muskmelon
21,15,10,24.29,89.07,7.23,102.1,orange
13,66,18,21.64,60.26,6.44,132.47,pigeonpeas
28,116,225,21.98,92.11,5.67,98.43,apple
40,70,78,19.04,15.97,7.19,74.46,chickpea
42,66,19,31.72,67.77,6.92,80.82,blackgram
104,35,35,23.82,61.17,6.6,170.08,coffee
34,77,15,17.36,23.45,5.96,118.23,kidneybeans
20,6,23,22.57,96.64,6.25,191.87,coconut
41,65,81,17.91,17.51,7.4,64.9,chickpea
22,42,19,27.1,44.05,6.8,47.84,mothbeans
17,46,17,27.93,43.94,6.35,52.59,mothbeans
21,135,181,22.35,80.18,5.81,79.44,grapes
46,71,86,19.85,16.58,6.63,76.86,chickpea
14,8,13,20.06,92.54,7.07,129.47,orange
19,66,21,22.73,60.66,6.65,36.8,lentil
43,54,19,28.37,69.14,7.32,49.26,blackgram
106,78,45,26.04,79.78,6.4,75.99,banana
26,6,34,28.64,93.05,6.6,179.63,coconut
26,9,13,25.9,93.29,7.15,116.34,orange
69,46,40,24.53,85.56,6.16,183.98,rice
10,45,13,31.24,79.57,7.08,59.46,mungbean
11,11,31,24.9,93.16,5.99,181.99,coconut
18,125,198,24.38,76.36,5.37,63.63,grapes
12,26,21,27.81,45.43,6.9,49.4,mothbeans
22,13,30,30.36,99.8,6.16,155.15,coconut
13,66,19,24.85,23.3,5.39,101.53,kidneybeans
26,9,28,26.31,96.72,6.11,180.83,coconut
27,53,17,27.9,47.2,6.93,64.51,mothbeans
100,78,40,27.94,89.86,6.14,114.14,banana
13,10,14,23.34,94.43,7.33,128.55,orange
114,11,46,23.63,87.02,6.43,30.74,watermelon
105,32,31,24.66,56.25,6.81,164.99,coffee
46,71,21,26.84,65.25,7.14,77.29,blackgram
109,12,43,27.57,94.47,6.31,19.63,muskmelon
98,28,22,26.83,58.91,7.1,160.0,coffee
111,10,47,30.59,92.36,6.07,30.77,muskmelon
14,136,194,24.34,95.63,5.81,121.9,apple
93,69,44,28.99,81.27,5.96,97.36,banana
93,43,18,21.94,58.28,5.83,74.94,maize
101,11,50,30.88,93.04,6.28,30.21,muskmelon
40,62,25,32.08,61.3,6.6,66.14,blackgram
14,123,173,24.51,95.81,5.9,105.53,apple
44,70,18,28.97,59.01,7.54,70.13,blackgram
20,50,20,23.83,48.8,7.69,46.4,mothbeans
103,8,55,23.28,85.97,6.04,52.04,watermelon
92,103,54,29.2,82.46,5.52,110.92,banana
97,10,43,29.2,88.57,6.44,45.95,watermelon
23,66,15,30.52,53.73,6.41,60.07,mothbeans
69,33,38,23.54,90.38,6.6,223.43,rice
29,8,23,23.52,97.15,5.9,169.93,coconut
18,31,25,31.78,51.57,5.21,104.12,mango
25,130,187,28.27,79.75,5.14,74.58,grapes
24,5,41,19.87,88.9,6.65,117.82,pomegranate
14,60,21,18.1,23.39,5.39,122.72,kidneybeans
18,116,189,23.47,82.18,6.77,70.81,grapes
66,41,49,23.96,89.6,6.43,153.93,jute
88,41,40,22.54,84.39,6.6,261.13,rice
114,44,22,25.92,79.51,6.98,86.96,cotton
22,46,24,27.53,89.78,6.69,43.92,mungbean
35,58,20,27.62,69.63,6.97,68.22,blackgram
21,83,29,21.21,21.45,5.96,123.31,kidneybeans
78,45,32,22.06,79.7,6.82,240.31,rice
21,134,193,24.2,79.22,6.52,63.66,grapes
14,124,197,20.17,96.41,5.6,130.19,apple
23,14,48,21.01,83.1,6.25,103.6,pomegranate
25,69,20,28.61,45.69,6.01,96.95,pigeonpeas
68,42,23,24.68,68.05,5.76,85.25,maize
93,41,17,18.19,61.81,5.67,114.63,maize
23,122,193,19.54,85.13,5.67,86.45,apple
20,78,20,26.29,52.28,5.82,126.11,pigeonpeas
18,10,36,28.29,96.4,6.22,171.92,coconut
22,78,21,27.3,61.36,6.36,151.47,pigeonpeas
51,56,53,33.97,92.17,7.27,154.93,papaya
54,61,42,32.84,90.16,6.66,125.44,papaya
47,55,76,16.96,14.18,7.25,77.09,chickpea
27,8,10,20.24,94.53,6.84,108.54,orange
94,53,39,24.06,76.37,7.23,233.88,rice
16,11,12,22.93,96.81,7.14,123.7,orange
17,47,19,23.85,61.95,6.74,46.8,lentil
25,26,27,33.77,57.99,6.06,85.18,mango
112,79,47,27.95,74.68,6.31,89.16,banana
121,59,49,30.45,80.61,6.23,106.5,banana
71,26,38,26.8,76.94,7.44,169.87,jute
14,129,194,18.27,79.93,5.93,68.85,grapes
60,58,45,30.42,88.34,7.06,140.19,papaya
22,139,202,25.83,91.46,6.19,122.07,apple
27,125,224,26.18,81.54,5.27,69.81,grapes
95,8,41,25.54,84.84,6.7,50.69,watermelon
134,48,14,24.73,76.52,7.26,90.44,cotton
27,81,22,20.17,19.58,5.55,117.84,kidneybeans
110,15,54,29.84,82.23,6.25,38.11,watermelon
15,78,23,28.67,49.35,6.23,125.86,pigeonpeas
13,63,21,22.11,52.53,5.95,57.21,lentil
93,7,48,25.53,92.26,6.67,25.68,muskmelon
103,79,51,27.88,84.17,6.38,106.17,banana
17,54,19,24.57,60.8,7.34,47.64,lentil
17,141,202,21.44,94.41,5.75,111.43,apple
19,74,18,16.79,27.25,6.21,90.62,kidneybeans
18,25,31,30.34,52.0,5.27,91.42,mango
94,44,19,21.34,59.93,5.94,71.64,maize
25,5,7,23.19,89.83,8.01,117.74,orange
26,27,23,30.53,42.56,5.35,100.83,mango
22,7,23,26.86,93.19,6.24,191.29,coconut
88,58,42,27.25,78.13,6.13,176.64,rice
13,11,5,24.31,93.88,6.5,133.25,orange
100,21,24,25.53,55.98,6.41,126.12,coffee
128,61,23,24.88,84.52,6.73,91.64,cotton
22,69,21,27.94,56.39,5.62,126.46,pigeonpeas
39,63,18,28.3,62.29,7.23,67.78,blackgram
92,12,55,26.52,90.53,6.14,38.16,muskmelon
24,61,17,30.65,74.15,6.34,40.41,mungbean
83,30,25,23.07,53.83,6.96,185.18,coffee
101,41,35,22.3,71.38,6.34,207.23,rice
101,11,51,29.42,93.3,5.77,28.18,muskmelon
37,77,45,33.18,92.77,6.71,140.65,papaya
53,53,45,35.39,91.76,6.89,140.4,papaya
13,35,21,28.07,86.9,6.91,52.66,mungbean
22,128,203,22.81,84.0,5.38,66.37,grapes
28,29,27,28.99,51.98,5.75,118.61,mango
23,52,21,28.5,87.07,7.18,47.15,mungbean
42,74,86,18.3,16.39,6.74,67.6,chickpea
80,50,16,20.34,70.27,6.18,100.22,maize
25,37,31,31.13,55.16,6.38,87.8,mango
15,3,46,20.13,93.49,6.82,90.71,pomegranate
19,7,43,26.66,97.59,5.53,164.4,coconut
21,15,29,31.09,43.18,5.43,107.14,mango
69,65,16,23.12,68.17,6.37,87.22,maize
17,10,32,28.4,95.92,6.0,162.28,coconut
21,50,16,26.24,56.99,6.51,66.56,mothbeans
100,86,50,29.62,79.63,5.94,113.88,banana
24,12,19,29.65,95.19,6.12,157.7,coconut
70,43,40,22.49,74.25,6.52,198.13,rice
16,63,16,29.95,48.71,6.14,128.59,pigeonpeas
82,26,28,25.36,58.18,6.84,111.69,coffee
48,67,75,18.17,14.77,6.8,77.83,chickpea
21,12,29,32.36,93.79,6.52,173.77,coconut
21,58,21,27.19,40.46,5.66,131.73,pigeonpeas
45,53,53,31.36,96.0,7.03,145.31,papaya
105,9,53,29.3,90.72,6.26,24.26,muskmelon
16,39,21,26.91,80.25,6.27,45.17,mungbean
77,44,40,28.13,72.66,6.71,181.62,rice
108,29,32,28.04,57.25,6.47,186.02,coffee
30,59,22,30.04,64.31,6.87,66.95,blackgram
27,9,41,23.17,88.11,6.76,69.39,pomegranate
27,124,197,26.84,96.33,5.5,115.81,apple
96,5,48,26.75,90.42,6.14,45.73,watermelon
48,72,83,17.4,14.55,7.0,77.45,chickpea
93,3,51,25.64,86.67,6.43,45.7,watermelon
106,81,56,28.33,75.89,5.69,117.27,banana
97,26,33,24.84,67.09,6.86,153.6,coffee
95,27,29,28.41,52.38,6.61,121.68,coffee
25,60,18,20.92,24.35,5.72,101.04,kidneybeans
29,49,18,24.78,46.69,6.67,59.6,mothbeans
81,11,51,23.48,80.41,6.96,64.14,watermelon
36,59,16,29.25,68.22,7.28,65.03,blackgram
90,74,53,26.11,75.73,5.81,115.48,banana
114,40,21,25.82,84.69,7.23,78.0,cotton
15,75,23,16.31,19.21,5.35,100.25,kidneybeans
67,45,14,23.3,68.24,6.01,113.61,maize
94,6,47,28.02,92.81,6.38,20.86,muskmelon
24,10,13,23.17,87.55,7.44,95.79,orange
21,15,29,22.33,96.41,6.58,134.76,pomegranate
82,56,20,21.98,64.02,6.17,89.44,maize
116,12,54,29.24,88.65,6.29,29.85,muskmelon
24,131,194,29.94,81.72,6.47,65.99,grapes
49,67,53,33.75,88.73,6.37,146.6,papaya
100,6,48,31.28,92.96,6.29,34.48,muskmelon
15,8,10,21.45,94.71,7.07,123.62,orange
109,8,48,28.23,89.67,6.17,23.65,muskmelon
84,47,36,26.3,84.2,6.14,161.95,jute
17,136,228,21.24,77.0,5.2,68.5,grapes
85,56,46,24.17,75.28,6.78,157.54,jute
46,49,38,23.03,81.58,7.15,165.48,jute
96,32,30,25.29,55.62,6.85,179.93,coffee
117,42,20,24.13,79.88,7.12,73.55,cotton
27,9,41,24.08,89.6,6.1,142.15,pomegranate
114,57,16,22.04,79.74,6.77,66.72,cotton
18,67,15,21.03,23.72,5.78,126.87,kidneybeans
26,9,8,20.51,91.28,6.87,118.3,orange
103,21,29,24.05,59.79,6.9,169.62,coffee
27,76,16,21.24,25.99,5.92,126.36,kidneybeans
11,124,188,23.26,80.09,6.3,67.12,grapes
19,139,235,19.3,81.69,5.53,85.92,grapes
43,73,85,19.32,16.28,7.2,108.5,chickpea
18,24,38,29.94,53.68,5.58,88.1,mango
21,7,38,18.69,89.68,6.83,120.28,pomegranate
68,53,55,32.71,88.74,6.83,154.74,papaya
8,80,15,19.47,20.71,5.98,86.03,kidneybeans
105,23,21,26.61,66.72,6.5,184.44,coffee
24,10,44,21.17,93.61,6.5,110.87,pomegranate
17,61,17,30.04,86.78,7.08,43.33,mungbean
44,49,46,32.84,84.89,6.74,158.87,papaya
26,64,19,20.12,24.55,5.13,100.9,kidneybeans
20,54,18,28.73,49.56,6.04,70.15,mothbeans
22,13,29,24.23,97.11,6.43,192.96,coconut
21,55,25,24.17,63.49,6.47,53.08,lentil
13,7,42,20.03,89.1,6.01,112.8,pomegranate
19,25,33,30.71,57.96,6.39,81.63,mango
11,70,16,27.92,62.62,6.64,42.55,lentil
29,82,20,27.19,62.79,7.03,87.05,blackgram
110,88,58,26.06,73.57,5.85,108.13,banana
92,10,53,27.91,80.53,6.43,54.47,watermelon
116,70,55,28.35,71.42,6.81,104.04,banana
104,14,52,29.2,86.62,6.82,46.76,watermelon
20,12,7,21.12,93.05,7.1,117.61,orange
73,56,22,26.19,67.92,6.06,98.86,maize
16,75,20,23.55,53.48,6.44,33.59,lentil
88,89,51,29.1,81.62,6.04,79.11,banana
24,64,19,20.05,16.24,5.8,99.65,kidneybeans
55,62,46,32.24,87.68,6.54,174.43,papaya
8,54,19,30.9,79.52,5.75,52.79,mungbean
24,9,30,27.82,91.48,6.17,145.85,coconut
124,42,20,22.16,87.58,6.53,98.48,cotton
16,9,45,28.56,86.27,6.63,99.39,pomegranate
42,53,50,33.66,96.63,6.92,104.39,papaya
85,51,17,22.4,64.98,5.74,112.55,maize
134,50,18,25.6,82.83,7.01,83.99,cotton
22,144,206,21.1,87.14,5.67,111.1,apple
25,128,188,26.37,85.55,5.53,57.96,grapes
103,20,35,27.15,60.41,7.21,169.05,coffee
84,31,30,27.06,54.83,6.99,176.88,coffee
100,7,48,25.5,80.87,6.36,53.88,watermelon
59,60,42,26.21,74.62,7.02,180.5,jute
40,71,13,27.6,69.44,7.09,68.53,blackgram
16,20,27,33.67,49.87,6.05,119.97,mango
121,33,17,23.41,81.04,6.88,64.44,cotton
83,60,39,26.63,68.9,6.75,232.61,rice
25,8,7,21.58,89.1,7.17,92.57,orange
24,130,210,22.19,85.22,6.12,63.21,grapes
33,68,18,31.32,70.13,7.18,86.19,blackgram
16,49,18,27.69,81.57,6.27,51.46,mungbean
82,13,40,25.99,87.66,6.06,40.76,watermelon
90,49,20,19.78,68.73,6.46,122.45,maize
7,66,23,22.71,58.06,6.73,21.0,lentil
22,77,16,21.36,25.58,5.27,114.79,kidneybeans
25,133,180,15.94,82.45,5.91,60.23,grapes
80,46,32,22.66,80.29,6.26,225.16,rice
18,13,9,19.59,98.53,6.45,98.92,orange
36,73,84,18.68,21.43,6.66,77.1,chickpea
18,145,217,20.16,78.5,6.51,58.64,grapes
101,10,50,26.36,90.42,6.3,24.03,muskmelon
15,136,196,21.73,89.56,5.77,114.8,apple
13,61,24,26.54,58.18,7.14,53.41,lentil
19,51,22,29.47,43.07,6.69,61.95,mothbeans
18,50,18,26.31,45.08,6.61,53.59,mothbeans
76,47,17,21.61,60.58,6.13,115.68,maize
37,51,83,16.02,17.18,7.08,100.41,chickpea
21,8,36,22.18,88.36,7.05,90.96,pomegranate
98,8,42,23.79,85.59,6.6,51.49,watermelon
14,11,11,20.19,96.56,6.91,132.95,orange
13,60,22,30.18,45.69,6.74,35.67,mothbeans
85,48,22,22.34,65.39,5.4,103.74,maize
24,75,24,26.29,48.85,5.34,132.15,pigeonpeas
12,6,34,23.49,87.91,6.54,104.29,pomegranate
28,73,19,25.45,56.15,5.61,172.57,pigeonpeas
21,131,221,26.41,78.11,5.52,75.79,grapes
20,39,15,26.52,53.96,7.18,52.43,mothbeans
26,81,21,18.24,27.96,5.64,104.97,kidneybeans
23,70,19,28.79,44.31,6.87,54.6,mothbeans
76,48,48,22.91,81.02,6.93,185.4,jute
16,132,204,22.16,93.91,5.69,119.15,apple
121,50,16,20.31,75.9,7.43,85.01,cotton
21,60,20,21.57,51.15,6.95,46.16,lentil
89,33,29,25.56,50.47,7.11,172.55,coffee
104,69,53,25.89,80.06,5.97,85.93,banana
26,150,202,25.03,82.61,6.21,68.8,grapes
11,46,19,29.75,85.23,6.89,57.03,mungbean
53,72,53,36.46,88.86,6.9,147.33,papaya
67,45,25,23.78,62.14,6.43,110.99,maize
99,29,36,26.45,59.0,6.51,173.42,coffee
96,12,50,26.91,79.68,5.32,52.84,watermelon
5,66,15,29.91,53.89,6.19,170.42,pigeonpeas
43,76,14,30.82,63.62,7.03,74.59,blackgram
12,42,22,28.11,82.68,6.71,32.54,mungbean
35,48,79,21.35,19.78,7.29,98.54,chickpea
15,75,18,27.27,46.82,6.7,133.58,pigeonpeas
81,53,42,23.95,78.05,6.64,286.46,rice
89,27,27,27.61,55.39,6.79,170.14,coffee
100,26,34,23.38,59.95,6.55,149.78,coffee
79,44,20,24.65,59.87,6.25,79.5,maize
16,7,8,18.4,89.64,7.58,121.03,orange
100,7,45,29.9,94.54,6.48,32.58,muskmelon
22,129,216,24.44,93.24,6.02,119.86,apple
45,54,50,33.02,91.18,7.2,168.07,papaya
39,70,16,29.56,68.05,6.53,72.01,blackgram
91,15,51,25.72,84.25,6.59,52.8,watermelon
35,67,81,16.88,18.27,6.86,79.78,chickpea
6,10,8,19.31,90.34,6.83,109.28,orange
18,6,35,24.11,90.41,6.33,117.65,pomegranate
50,62,49,30.71,93.54,7.38,151.14,papaya
18,120,191,19.47,93.65,5.98,84.42,apple
15,79,22,19.11,20.56,5.89,116.95,kidneybeans
19,55,18,21.78,23.73,5.95,110.75,kidneybeans
105,14,52,25.71,82.04,6.66,71.56,watermelon
81,46,49,23.11,88.88,6.81,138.29,jute
19,26,30,29.2,49.03,6.1,104.63,mango
18,9,45,24.05,89.48,6.83,115.36,pomegranate
40,65,22,28.77,64.71,7.36,73.42,blackgram
111,51,22,24.42,75.99,7.14,73.97,cotton
22,79,21,16.99,25.16,5.5,104.24,kidneybeans
15,14,17,26.72,97.34,5.97,166.9,coconut
71,43,44,24.16,79.35,6.65,232.91,rice
20,68,20,26.34,65.09,6.56,43.84,lentil
83,49,24,22.75,62.85,6.25,98.15,maize
38,68,78,17.2,17.51,7.13,63.64,chickpea
92,14,50,29.82,87.5,6.66,31.51,muskmelon
22,12,7,24.37,95.38,6.97,140.03,orange
24,9,40,21.13,93.64,6.13,119.12,pomegranate
42,72,72,20.29,15.55,7.04,104.18,chickpea
28,60,21,24.33,66.29,6.96,47.65,lentil
71,62,19,19.64,65.64,5.93,102.61,maize
24,58,22,20.03,19.14,5.68,120.29,kidneybeans
26,11,32,28.23,94.2,5.98,156.95,coconut
75,11,57,28.73,88.91,6.15,33.85,muskmelon
105,10,52,23.88,89.67,6.8,36.55,watermelon
26,36,21,26.53,40.92,6.89,60.09,mothbeans
71,44,14,21.6,52.88,5.57,101.41,maize
83,56,22,23.42,64.65,5.54,96.44,maize
31,46,19,29.99,56.52,6.14,32.14,mothbeans
27,63,83,15.99,17.88,6.59,87.0,chickpea
48,65,15,31.49,63.98,7.01,86.08,blackgram
83,60,38,25.97,83.96,7.5,177.9,jute
59,51,53,31.6,92.32,7.01,135.11,papaya
14,73,16,21.33,23.39,5.28,99.84,kidneybeans
112,10,54,28.52,95.17,6.42,25.07,muskmelon
16,10,8,21.51,92.24,7.01,121.42,orange
46,61,18,29.09,56.02,6.9,77.33,blackgram
23,68,14,22.78,63.36,6.87,61.81,lentil
59,52,22,21.35,52.04,5.98,95.88,maize
12,40,20,27.84,45.1,6.61,56.96,mothbeans
21,9,36,17.4,91.12,6.94,101.13,pomegranate
7,40,24,26.84,42.13,6.72,70.68,mothbeans
96,7,51,25.87,86.17,6.19,33.99,watermelon
105,9,51,25.93,88.37,6.7,51.93,watermelon
15,44,21,29.2,80.51,6.55,60.74,mungbean
77,48,32,22.41,82.55,6.15,241.27,rice
86,12,48,27.63,91.9,6.31,29.47,muskmelon
23,66,17,29.26,53.61,5.63,167.11,pigeonpeas
67,49,30,20.84,82.98,6.72,235.14,rice
99,26,32,26.71,49.7,6.83,208.72,coffee
22,46,18,30.07,40.89,6.41,46.02,mothbeans
44,84,80,17.04,16.45,7.41,70.31,chickpea
127,82,53,23.44,87.51,6.23,97.74,banana
20,45,19,28.42,43.03,6.39,36.11,mothbeans
41,83,74,17.14,18.54,7.05,85.26,chickpea
14,73,24,23.87,58.79,7.39,55.06,lentil
98,10,53,26.72,84.0,6.6,54.8,watermelon
25,22,32,31.47,48.33,6.15,108.19,mango
93,48,42,27.69,76.88,6.7,175.32,jute
33,64,43,33.49,91.06,7.0,148.42,papaya
22,76,15,26.66,60.19,7.24,49.3,lentil
61,62,41,34.51,88.51,7.22,132.66,papaya
104,10,49,27.12,88.7,6.04,44.03,watermelon
36,67,93,15.49,17.76,7.14,96.29,chickpea
16,56,21,25.41,82.3,6.82,58.38,mungbean
102,12,51,26.43,93.95,6.43,19.65,muskmelon
16,71,25,19.62,24.16,5.41,95.65,kidneybeans
16,58,18,26.89,85.38,6.91,48.58,mungbean
52,71,48,32.69,93.6,6.27,141.45,papaya
10,70,14,27.36,43.16,6.79,158.23,pigeonpeas
16,48,20,28.96,46.66,6.07,45.67,mothbeans
102,24,28,27.34,63.34,6.46,129.38,coffee
22,53,20,27.85,87.96,6.9,53.07,mungbean
115,11,56,26.71,79.47,6.89,51.35,watermelon
22,123,224,21.19,85.43,6.07,72.52,grapes
40,59,65,19.37,19.71,6.29,64.85,chickpea
98,13,43,26.57,79.99,6.25,37.87,watermelon
20,28,23,32.61,53.16,6.07,109.2,mango
19,8,8,22.59,92.34,6.86,105.9,orange
18,13,9,19.92,94.04,6.91,119.31,orange
73,49,39,23.06,85.07,6.73,214.08,rice
77,41,35,21.87,81.61,6.6,238.3,rice
10,107,196,24.24,78.62,5.56,75.61,grapes
88,43,23,22.9,75.38,5.92,116.04,maize
26,44,17,24.06,48.52,7.62,52.77,mothbeans
26,70,18,22.6,58.29,6.4,50.48,lentil
121,46,13,24.04,81.51,6.85,62.68,cotton
74,45,35,22.61,83.89,6.73,202.34,rice
25,127,193,21.03,91.83,5.98,113.1,apple
15,15,9,19.49,90.92,6.61,131.51,orange
17,113,207,27.32,82.83,5.66,70.45,grapes
24,69,15,25.89,49.63,5.97,179.45,pigeonpeas
19,8,30,28.26,93.19,5.76,187.99,coconut
93,13,28,24.92,56.75,6.96,177.52,coffee
23,14,10,24.38,89.96,7.09,129.94,orange
16,4,8,19.09,92.69,6.8,126.67,orange
17,65,22,21.84,18.26,5.82,99.36,kidneybeans
132,46,18,22.44,77.56,6.38,69.13,cotton
98,12,47,27.16,77.83,6.19,59.79,watermelon
107,74,50,28.37,69.67,6.64,100.75,banana
123,78,43,26.19,80.07,6.17,96.13,banana
98,4,45,30.29,83.78,6.66,27.61,muskmelon
17,11,15,25.49,91.76,7.2,118.66,orange
18,117,208,21.55,75.53,5.85,79.81,grapes
30,45,17,28.99,80.99,7.14,47.17,mungbean
25,84,15,16.24,27.61,5.92,96.98,kidneybeans
25,126,213,24.12,83.34,6.17,53.95,grapes
74,54,34,24.56,89.21,5.76,206.09,rice
64,44,44,23.93,75.77,6.55,241.56,rice
52,61,46,32.51,92.22,7.53,149.52,papaya
20,48,19,30.38,47.58,6.35,46.06,mothbeans
40,68,23,30.67,72.39,6.7,71.36,blackgram
81,50,49,25.4,79.12,6.23,244.76,rice
24,51,20,29.27,86.62,7.09,62.95,mungbean
23,63,19,18.01,14.31,5.74,146.19,kidneybeans
31,64,23,30.03,58.82,7.38,77.31,blackgram
16,49,14,27.41,79.54,6.74,59.94,mungbean
62,50,38,22.15,85.06,6.81,257.94,rice
11,60,21,27.93,59.51,6.93,59.52,lentil
90,78,44,25.36,73.56,5.73,126.29,banana
23,57,23,20.52,20.89,5.84,83.36,kidneybeans
86,47,35,23.65,78.61,6.79,225.59,rice
52,50,60,32.56,93.97,7.03,142.91,papaya
71,48,21,21.05,65.93,5.9,80.83,maize
23,63,20,20.59,21.3,5.56,99.64,kidneybeans
88,88,51,29.63,79.92,5.74,101.8,banana
32,63,84,19.59,16.28,6.89,74.12,chickpea
60,63,80,21.58,23.02,7.62,98.13,chickpea
18,33,28,32.36,49.43,5.78,89.34,mango
118,9,51,28.37,89.53,6.79,22.36,muskmelon
99,6,43,23.49,82.83,6.61,42.04,watermelon
43,66,21,29.87,57.75,7.02,80.49,blackgram
103,79,45,25.52,78.93,4.92,94.48,banana
76,47,44,25.9,77.92,6.76,168.62,jute
92,23,21,25.64,55.16,7.09,131.05,coffee
21,3,20,28.64,93.91,5.7,200.42,coconut
124,60,20,24.29,80.09,7.53,74.47,cotton
16,50,20,30.39,41.71,7.09,55.9,mothbeans
54,76,77,21.06,17.2,7.26,87.27,chickpea
23,47,16,30.62,82.05,6.42,48.22,mungbean
43,52,49,35.84,91.98,6.67,122.12,papaya
15,31,20,29.59,47.39,6.62,48.41,mothbeans
113,46,20,22.02,77.93,7.03,80.7,cotton
24,47,23,25.75,87.6,7.26,54.2,mungbean
93,9,56,30.24,92.68,6.03,20.2,muskmelon
76,87,54,23.83,80.88,6.14,103.9,banana
22,126,196,25.04,95.89,5.92,100.54,apple
100,62,38,25.44,85.23,6.91,201.05,rice
99,7,52,28.42,90.49,6.63,18.75,muskmelon
77,45,26,23.39,80.85,6.71,285.47,rice
17,44,22,28.18,81.79,7.2,41.44,mungbean
89,10,53,23.2,88.31,6.39,62.58,watermelon
125,55,19,25.95,69.81,6.68,82.46,cotton
39,70,82,19.79,18.67,7.03,77.04,chickpea
75,8,58,24.55,83.53,6.42,38.79,watermelon
18,66,20,20.17,15.34,5.73,97.23,kidneybeans
119,7,55,25.33,84.61,6.04,47.15,watermelon
19,7,29,22.33,95.86,5.96,168.28,coconut
22,60,17,24.71,48.43,7.47,54.42,lentil
18,116,202,20.95,84.0,6.88,62.13,grapes
20,7,9,21.87,91.52,6.79,100.42,orange
85,43,21,24.45,68.11,5.57,79.09,maize
83,42,44,24.11,86.06,6.69,205.13,rice
95,43,20,22.47,70.94,7.21,82.04,maize
38,65,81,20.13,19.58,6.83,77.49,chickpea
86,44,41,23.53,82.49,6.27,230.74,rice
11,44,19,27.2,42.08,6.64,52.69,mothbeans
85,50,55,25.74,81.36,6.21,181.81,rice
96,14,54,26.24,80.48,6.49,44.1,watermelon
22,6,36,29.86,93.55,6.06,187.85,coconut
76,53,22,20.93,58.34,5.47,97.62,maize
82,53,23,22.89,68.55,6.16,111.6,maize
22,58,22,22.64,54.33,6.66,44.14,lentil
37,65,17,26.09,61.66,7.06,56.52,blackgram
89,35,18,23.25,72.83,6.17,81.67,maize
82,64,44,22.85,88.01,6.38,168.86,rice
78,43,35,27.39,87.32,7.16,184.85,jute
26,8,30,27.37,96.24,6.0,178.8,coconut
15,49,23,29.17,45.94,6.9,47.59,mothbeans
16,10,33,24.36,100.0,6.01,177.84,coconut
19,7,39,21.86,87.56,6.06,137.08,pomegranate
88,42,26,24.46,63.38,5.2,124.36,maize
31,59,84,21.92,16.69,6.95,81.05,chickpea
90,8,44,24.6,83.78,6.53,33.85,watermelon
22,65,19,28.98,40.45,6.53,141.45,pigeonpeas
105,6,57,21.78,82.95,6.47,54.12,watermelon
18,55,23,22.83,59.71,6.98,52.0,lentil
88,8,39,27.2,89.1,6.49,21.63,muskmelon
92,53,34,22.45,84.45,6.13,251.39,rice
82,26,29,26.99,47.65,6.81,170.27,coffee
23,84,16,23.82,61.16,7.11,44.4,lentil
30,70,13,29.82,65.08,7.24,79.74,blackgram
105,5,58,26.95,91.33,6.4,22.17,muskmelon
77,56,20,22.8,63.18,6.18,94.62,maize
15,66,21,27.81,47.07,6.09,154.29,pigeonpeas
80,54,31,24.59,78.69,6.67,207.1,rice
16,49,22,24.77,49.5,7.17,45.85,mothbeans
105,6,49,27.83,92.77,5.96,31.26,muskmelon
100,7,51,26.01,89.17,6.49,19.92,muskmelon
17,135,203,23.0,81.96,5.61,55.03,grapes
15,14,46,20.57,88.11,5.71,87.78,pomegranate
91,12,50,20.46,86.29,6.62,50.2,watermelon
81,58,38,22.66,79.37,6.55,186.89,jute
133,41,24,27.25,70.25,7.03,74.0,cotton
121,35,16,28.11,82.3,6.78,86.27,cotton
33,64,18,28.4,63.26,7.23,59.46,blackgram
16,3,33,21.54,86.61,6.48,93.88,pomegranate
23,75,18,20.25,27.86,5.65,94.12,kidneybeans
43,66,84,20.87,24.77,7.17,84.89,chickpea
45,67,53,33.13,88.53,6.95,129.73,papaya
36,59,78,17.88,19.34,7.39,100.94,chickpea
82,12,54,27.16,86.12,6.57,60.32,watermelon
115,13,52,32.31,89.07,6.87,20.17,muskmelon
88,43,24,27.1,63.19,6.02,111.8,maize
99,36,36,27.42,61.79,6.41,173.26,coffee
22,51,21,28.66,84.81,7.42,61.84,mungbean
49,60,81,20.45,18.5,7.06,95.02,chickpea
40,62,48,33.31,96.84,6.59,145.9,papaya
101,28,21,26.22,63.79,7.14,173.37,coffee
81,46,37,22.41,81.84,6.34,208.61,rice
115,13,42,28.95,94.21,6.49,21.85,muskmelon
82,48,36,27.79,85.17,5.89,235.59,rice
85,47,42,24.03,75.91,6.84,207.98,jute
120,50,19,23.43,74.79,7.03,68.16,cotton
24,59,21,26.96,54.23,5.15,138.02,pigeonpeas
40,66,20,28.98,54.48,7.61,71.55,blackgram
95,13,51,28.4,92.75,6.35,17.42,muskmelon
22,13,31,27.96,95.31,6.21,143.46,coconut
84,46,43,26.55,80.83,6.43,277.38,rice
25,13,13,22.78,89.99,6.58,109.4,orange
19,24,25,32.17,43.33,5.7,100.0,mango
15,39,22,28.9,56.57,6.09,79.61,mango
86,12,57,27.62,88.58,5.56,20.1,muskmelon
88,30,41,25.04,74.61,6.84,240.15,rice
26,122,213,26.12,95.64,6.03,105.02,apple
14,51,20,30.42,81.05,6.71,36.35,mungbean
40,79,42,35.4,93.29,6.45,143.14,papaya
95,83,52,28.42,85.89,6.12,84.37,banana
34,69,20,30.3,57.94,7.24,72.4,blackgram
101,13,46,30.5,89.65,6.05,29.09,muskmelon
19,152,178,25.08,93.97,5.86,134.44,apple
17,10,32,24.73,97.47,6.19,206.17,coconut
54,56,50,32.39,92.45,7.26,159.53,papaya
24,65,14,25.65,57.81,5.89,135.13,pigeonpeas
97,45,25,24.59,80.67,6.01,201.68,jute
23,144,203,22.11,86.06,6.01,111.07,apple
16,131,191,20.38,88.47,6.47,123.33,apple
72,41,20,20.54,67.04,5.52,105.44,maize
26,41,21,27.94,84.21,6.64,41.54,mungbean
22,132,200,24.36,90.02,5.83,109.82,apple
22,84,19,25.68,59.47,7.58,32.53,lentil
14,131,174,25.99,84.61,6.13,58.79,grapes
95,48,48,20.74,73.48,6.48,241.52,rice
94,9,55,24.28,87.39,6.5,48.23,watermelon
26,69,22,26.95,61.69,6.56,59.76,lentil
16,126,212,18.67,97.33,6.15,109.37,apple
23,129,191,19.45,86.26,6.24,62.93,grapes
34,48,84,19.97,16.16,7.02,87.74,chickpea
79,42,18,21.86,67.12,6.41,81.39,maize
101,93,43,27.79,75.99,5.85,92.95,banana
14,66,19,21.2,24.01,5.58,111.23,kidneybeans
28,12,5,27.02,96.73,7.01,129.84,orange
16,39,31,29.83,58.26,6.63,94.5,mango
105,23,26,25.95,54.53,6.93,116.78,coffee
48,49,47,35.01,94.07,6.74,155.25,papaya
11,138,225,24.68,78.74,5.95,58.81,grapes
16,132,201,18.69,76.56,6.12,71.35,grapes
20,7,27,26.56,94.53,6.56,182.56,coconut
110,48,19,27.34,82.49,6.45,61.03,cotton
68,54,46,23.36,87.02,6.61,210.65,rice
16,71,21,26.08,46.44,5.96,122.07,pigeonpeas
38,76,19,31.01,63.41,6.69,68.77,blackgram
28,65,76,19.14,21.02,6.44,81.73,chickpea
21,65,19,22.08,67.96,7.15,59.64,lentil
27,83,20,22.02,26.02,5.58,102.72,kidneybeans
13,139,191,22.2,87.99,6.0,105.08,apple
30,5,30,18.5,92.7,6.84,102.31,pomegranate
22,8,40,20.87,90.39,5.79,82.55,pomegranate
69,49,42,25.88,75.67,6.08,181.94,jute
88,10,44,26.79,91.18,5.98,22.62,muskmelon
14,74,24,28.89,51.42,5.6,123.06,pigeonpeas
81,40,38,24.31,77.86,7.4,166.19,jute
77,44,27,25.77,82.72,7.28,159.23,jute
28,35,33,30.99,33.79,5.92,94.97,mango
17,10,47,20.92,93.22,6.93,131.51,pomegranate
19,52,18,30.44,43.62,7.48,32.52,mothbeans
32,72,25,27.4,55.73,6.96,70.16,blackgram
81,53,47,21.02,92.67,5.91,225.45,rice
13,60,15,27.17,67.74,6.93,62.21,lentil
35,55,22,27.24,62.82,6.92,69.3,blackgram
16,33,21,24.34,41.86,5.97,49.14,mothbeans
11,123,199,23.06,85.02,5.58,72.61,grapes
103,7,44,21.37,88.67,6.38,51.57,watermelon
24,55,24,26.8,87.38,6.89,45.26,mungbean
114,36,25,24.21,78.53,6.88,57.3,cotton
51,58,44,33.89,95.08,6.74,149.02,papaya
99,11,48,21.1,88.81,6.56,46.2,watermelon
26,24,26,35.74,54.89,4.85,86.52,mango
115,73,41,29.21,68.63,5.94,151.77,banana
16,66,18,15.59,24.69,6.18,119.77,kidneybeans
20,53,15,29.46,79.72,6.95,40.37,mungbean
104,7,58,31.59,93.81,6.71,25.32,muskmelon
26,14,23,30.02,95.76,6.05,207.3,coconut
21,72,22,19.34,20.16,5.47,97.62,kidneybeans
16,9,40,17.06,86.5,6.17,122.33,pomegranate
43,68,20,25.23,68.73,7.04,74.28,blackgram
40,67,19,31.49,66.63,7.68,61.48,blackgram
115,4,47,21.25,85.09,6.58,65.91,watermelon
93,81,50,23.17,72.64,6.1,93.94,banana
19,8,44,20.29,89.4,6.92,133.09,pomegranate
102,32,30,28.07,54.69,6.46,166.16,coffee
47,54,53,31.66,94.55,6.86,144.32,papaya
103,52,43,27.35,80.09,7.04,189.36,jute
16,10,30,27.53,92.09,6.03,146.47,coconut
18,11,11,20.77,87.47,7.99,107.88,orange
26,13,34,28.09,94.28,5.56,170.98,coconut
92,7,50,23.37,86.26,6.75,55.34,watermelon
14,126,209,23.52,92.79,6.28,104.57,apple
55,62,49,34.58,89.14,6.55,145.93,papaya
94,15,45,26.47,86.72,6.17,22.48,muskmelon
107,10,47,30.49,93.58,6.07,25.25,muskmelon
120,44,20,25.47,86.83,7.09,66.64,cotton
19,125,215,24.06,82.16,6.31,66.25,grapes
95,42,50,22.99,85.42,6.58,157.58,jute
77,37,41,26.1,83.63,6.9,169.58,jute
22,128,211,19.98,80.93,6.66,70.68,grapes
19,56,18,23.9,58.21,6.58,39.03,lentil
82,50,37,22.52,79.84,6.62,217.37,rice
18,25,33,28.38,44.61,5.94,104.34,mango
19,72,19,24.07,60.29,6.56,46.57,lentil
21,133,217,21.17,89.43,5.64,112.74,apple
26,49,18,26.51,77.77,6.9,55.78,mungbean
13,8,29,28.01,92.98,5.77,185.21,coconut
92,35,37,23.51,82.23,6.36,248.69,rice
96,36,13,23.38,62.49,5.79,100.63,maize
15,25,29,35.28,51.19,5.46,98.31,mango
22,14,46,20.13,92.46,6.21,120.44,pomegranate
118,55,22,22.03,74.95,6.92,91.05,cotton
22,60,15,24.71,58.41,7.05,49.2,lentil
107,14,51,27.99,86.89,6.28,29.12,muskmelon
24,13,15,17.19,88.31,6.76,102.95,orange
11,140,237,22.15,87.69,5.89,56.28,grapes
10,39,24,31.72,47.48,6.3,70.96,mothbeans
95,31,34,26.23,66.35,6.53,150.26,coffee
18,72,16,19.95,21.48,5.87,104.46,kidneybeans
30,76,20,22.09,22.43,5.81,104.73,kidneybeans
110,82,47,26.51,79.16,6.18,125.62,banana
99,10,52,24.9,92.59,6.43,47.69,watermelon
14,65,24,26.05,59.21,6.92,44.0,lentil
35,65,21,23.2,61.48,6.7,45.89,lentil
99,28,34,24.01,53.77,7.17,150.75,coffee
22,67,18,25.32,54.17,6.37,109.09,pigeonpeas
55,64,46,33.85,89.45,6.81,149.96,papaya
49,52,55,29.74,91.02,6.79,145.24,papaya
25,9,10,21.76,93.71,6.8,124.91,orange
23,43,22,26.04,92.26,6.7,44.04,mungbean
78,48,17,21.17,57.99,6.9,71.34,maize
111,16,51,29.7,95.11,6.22,25.91,muskmelon
24,32,33,30.24,46.47,5.28,96.26,mango
96,36,37,23.76,89.21,6.07,264.89,rice
45,67,21,28.69,64.76,7.21,101.13,blackgram
63,60,39,22.65,76.94,6.0,254.7,rice
64,34,23,27.38,71.92,6.43,98.92,maize
20,131,202,23.43,83.53,5.68,83.99,grapes
16,77,24,22.87,52.72,6.92,44.53,lentil
95,65,40,27.0,80.22,6.49,204.53,jute
111,54,25,26.76,73.28,7.26,70.05,cotton
96,23,36,28.12,53.58,6.75,157.13,coffee
96,81,52,29.17,78.33,6.46,72.96,banana
21,18,28,32.38,47.4,5.38,107.69,mango
117,8,57,28.06,82.0,6.81,43.49,watermelon
29,8,7,24.85,94.12,7.23,138.34,orange
98,11,46,25.96,87.33,6.28,57.81,watermelon
18,58,20,28.39,41.65,6.91,41.68,mothbeans
17,72,25,29.13,49.76,5.93,132.87,pigeonpeas
126,51,22,19.95,72.23,7.3,57.42,cotton
103,59,15,22.82,84.54,7.19,63.38,cotton
12,133,183,20.91,88.43,5.86,109.58,apple
17,54,16,22.47,21.53,5.64,112.4,kidneybeans
125,53,18,26.78,76.84,7.42,86.63,cotton
19,32,25,30.51,39.95,5.27,122.11,mango
71,49,40,21.21,83.79,6.67,262.49,rice
13,113,188,24.12,96.74,6.27,125.86,apple
25,127,203,22.02,78.95,5.3,59.45,grapes
19,108,203,23.2,92.4,5.11,91.02,apple
39,74,16,29.95,61.88,7.22,70.31,blackgram
19,13,51,18.62,89.32,5.79,112.89,pomegranate
46,57,49,33.6,92.38,6.97,142.41,papaya
62,40,22,20.54,63.88,6.42,75.47,maize
20,15,24,23.85,92.76,6.36,210.12,coconut
21,28,31,31.69,56.21,5.85,73.13,mango
24,127,171,21.53,92.13,6.37,101.48,apple
27,122,209,27.8,77.87,5.86,81.42,grapes
26,7,9,23.88,90.69,7.14,118.33,orange
22,13,39,18.66,92.53,6.73,80.87,pomegranate
13,57,20,27.79,46.93,6.06,171.77,pigeonpeas
16,11,40,23.37,92.33,6.51,96.54,pomegranate
91,86,45,26.57,87.71,6.3,118.53,banana
99,73,49,26.9,80.8,6.2,89.41,banana
21,57,17,31.12,40.35,7.45,46.27,mothbeans
32,63,18,27.03,60.91,6.66,65.88,blackgram
26,46,22,31.77,91.56,6.37,47.46,mungbean
56,59,80,21.32,16.76,7.14,64.06,chickpea
45,62,19,29.97,65.75,7.03,74.36,blackgram
95,31,28,27.35,50.14,6.31,152.17,coffee
125,53,24,25.77,79.2,6.66,105.02,cotton
19,25,30,36.77,55.77,6.27,101.53,mango
46,48,45,34.41,95.22,6.88,157.0,papaya
17,8,11,17.69,87.67,7.01,109.67,orange
111,49,17,24.05,83.75,6.98,74.14,cotton
17,6,41,16.15,84.75,6.45,111.24,pomegranate
14,139,194,25.31,86.2,5.52,64.34,grapes
89,74,53,25.77,73.26,5.82,104.52,banana
82,49,17,23.9,62.12,6.25,128.4,maize
21,7,28,28.89,95.4,5.39,155.47,coconut
22,59,21,25.9,54.81,7.46,81.52,mothbeans
19,25,36,32.03,46.08,5.61,111.82,mango
18,21,21,33.43,52.72,5.98,108.82,mango
23,123,178,19.9,87.61,6.3,87.28,apple
104,10,53,26.4,90.98,6.23,27.28,muskmelon
21,65,19,19.52,58.89,7.19,43.69,lentil
22,5,42,20.71,87.71,6.27,104.1,pomegranate
99,68,50,29.42,77.0,6.12,117.77,banana
25,135,212,19.05,91.52,5.92,105.79,apple
26,14,10,18.48,93.62,7.47,130.55,orange
38,56,45,34.4,88.46,6.78,157.57,papaya
19,78,23,22.35,56.63,7.18,22.87,lentil
119,59,20,26.27,75.44,6.94,102.27,cotton
94,23,26,24.8,55.56,6.6,201.98,coffee
15,5,28,25.08,94.9,6.21,194.91,coconut
20,68,17,26.12,62.65,7.14,48.77,lentil
13,121,214,22.57,90.85,5.97,117.34,apple
106,8,49,29.87,90.07,6.13,27.96,muskmelon
34,62,18,31.07,70.17,6.88,79.08,blackgram
43,67,17,29.63,57.0,7.68,57.65,blackgram
24,72,22,28.54,44.48,5.87,124.4,pigeonpeas
47,71,76,22.05,13.42,7.28,95.01,chickpea
61,34,40,24.02,77.48,6.69,180.15,rice
130,54,22,26.23,79.54,6.44,78.92,cotton
22,53,16,26.93,48.5,5.52,147.78,pigeonpeas
24,67,21,18.97,21.41,5.74,98.8,kidneybeans
77,68,17,25.78,73.39,5.98,98.53,maize
101,78,45,24.88,76.42,6.34,95.08,banana
72,60,49,26.5,83.92,6.63,213.95,jute
15,10,6,20.25,93.99,7.78,117.16,orange
50,55,51,35.68,89.89,6.34,155.55,papaya
12,14,27,28.07,92.09,5.94,180.83,coconut
23,45,19,29.97,44.44,6.18,48.39,mothbeans
86,56,31,21.13,71.8,6.42,251.53,rice
12,144,230,28.13,80.99,5.54,59.34,grapes
15,76,27,22.78,62.67,6.51,60.41,lentil
54,56,53,30.13,91.24,6.98,156.11,papaya
34,53,79,18.26,21.54,7.19,64.64,chickpea
43,67,85,18.4,11.68,7.38,66.41,chickpea
16,123,191,21.31,88.16,5.66,97.56,apple
105,11,49,23.19,82.95,6.85,45.15,watermelon
101,56,32,22.53,88.33,6.29,243.31,rice
46,64,48,30.16,90.58,6.48,149.01,papaya
16,24,21,26.06,74.91,5.85,58.14,mungbean
84,41,37,28.78,77.97,6.56,198.41,jute
38,62,61,30.84,91.15,6.04,140.49,papaya
18,8,37,25.24,87.45,7.23,116.56,pomegranate
25,137,195,20.14,93.3,6.33,121.33,apple
78,43,41,25.94,82.21,6.75,135.9,jute
35,66,17,27.74,66.55,6.62,65.85,blackgram
74,44,20,22.82,65.02,6.37,107.86,maize
13,10,38,18.81,89.16,6.65,117.92,pomegranate
31,63,15,23.74,53.56,5.25,132.55,pigeonpeas
100,6,51,25.06,95.14,6.31,22.4,muskmelon
4,49,18,31.69,85.1,6.34,49.5,mungbean
41,58,23,30.42,65.99,7.0,64.82,blackgram
69,42,42,26.88,86.1,6.58,186.92,jute
22,11,33,26.83,94.36,6.05,198.14,coconut
47,59,17,30.14,70.14,7.15,72.48,blackgram
102,42,14,26.33,79.88,6.33,85.64,cotton
90,8,56,25.4,86.13,6.47,38.17,watermelon
6,64,18,30.28,48.07,6.15,142.83,pigeonpeas
95,86,48,26.61,82.05,5.82,127.4,banana
26,123,202,23.09,93.12,5.92,129.22,apple
20,123,211,22.38,89.38,5.72,87.84,apple
13,71,18,24.56,63.49,6.31,43.16,lentil
44,61,53,36.52,91.54,6.64,147.6,papaya
22,51,18,30.51,79.36,7.04,51.54,mungbean
78,48,22,21.47,65.48,6.02,83.48,maize
26,62,22,27.11,49.68,6.04,145.04,pigeonpeas
105,33,38,26.11,54.17,6.29,180.83,coffee
11,9,12,24.25,92.17,7.14,109.59,orange
18,12,37,23.45,86.6,6.17,120.31,pomegranate
21,48,15,31.21,81.95,6.85,34.37,mungbean
87,35,22,27.33,50.41,6.98,197.24,coffee
93,60,37,21.52,81.37,6.52,262.83,rice
26,55,23,28.96,53.4,7.11,50.01,lentil
23,3,31,27.44,98.34,5.54,206.14,coconut
111,28,31,27.86,57.52,7.03,173.68,coffee
60,58,22,29.18,68.92,6.56,57.37,blackgram
27,73,17,24.3,48.36,5.91,149.92,pigeonpeas
20,120,209,23.35,79.03,6.9,74.76,grapes
81,8,51,24.57,84.08,6.84,51.06,watermelon
16,3,11,23.25,92.1,6.81,109.48,orange
77,48,30,23.06,83.79,6.94,214.45,rice
19,55,18,19.43,21.23,5.73,109.07,kidneybeans
34,71,84,20.01,20.57,7.21,85.27,chickpea
91,28,29,24.5,59.01,7.11,167.88,coffee
88,72,60,25.28,78.38,5.89,98.68,banana
13,28,29,31.67,49.92,6.83,75.05,mango
118,6,51,31.63,93.8,6.35,20.16,muskmelon
24,5,8,22.14,96.1,6.99,116.75,orange
82,41,37,25.21,76.87,6.47,199.03,jute
82,54,39,24.46,88.32,6.96,204.03,jute
100,7,47,25.68,92.23,6.62,19.51,muskmelon
24,38,21,29.74,75.44,6.73,45.32,mungbean
114,41,22,23.55,79.6,7.08,83.98,cotton
23,124,216,23.26,84.97,6.09,103.91,apple
104,25,27,24.71,50.49,6.81,175.67,coffee
19,47,20,28.67,88.99,6.98,39.49,mungbean
23,64,26,22.87,70.53,6.81,36.24,lentil
97,12,45,26.95,88.98,6.33,19.56,muskmelon
82,49,21,27.31,64.71,6.28,105.76,maize
20,68,22,26.43,62.47,6.66,57.42,lentil
19,8,31,30.16,95.48,6.65,157.04,coconut
40,83,79,17.08,12.46,6.46,56.24,chickpea
25,64,17,21.39,20.82,6.12,119.26,kidneybeans
102,31,29,26.07,57.81,6.83,155.99,coffee
97,93,46,24.89,79.66,5.98,116.55,banana
16,41,23,25.3,45.92,6.81,51.11,mothbeans
101,9,54,25.29,79.73,6.42,40.28,watermelon
96,66,49,22.27,81.77,5.71,107.45,banana
60,50,21,28.89,62.07,6.81,60.91,blackgram
115,25,32,25.3,51.55,7.02,138.11,coffee
26,52,20,23.86,53.8,5.96,148.39,pigeonpeas
84,49,43,27.42,78.55,6.54,191.56,jute
41,71,14,28.92,63.73,7.08,81.93,blackgram
21,133,197,22.37,91.47,6.36,74.13,grapes
24,124,186,25.34,81.9,6.33,60.94,grapes
45,44,48,29.53,89.39,6.34,150.76,papaya
20,20,26,30.58,44.91,6.14,107.15,mango
21,54,18,28.82,50.75,6.98,41.74,mothbeans
82,42,49,24.45,76.04,6.7,200.76,rice
17,79,16,21.63,21.16,5.72,121.86,kidneybeans
19,144,227,23.06,83.04,5.6,68.53,grapes
98,9,41,26.28,84.73,6.98,40.6,watermelon
22,8,12,25.38,86.98,6.83,97.17,orange
111,50,29,25.39,93.68,7.17,70.55,cotton
15,60,21,19.9,22.1,5.57,106.54,kidneybeans
5,64,21,29.9,47.68,5.84,163.08,pigeonpeas
22,84,16,26.78,52.08,5.98,120.35,pigeonpeas
54,77,82,18.05,14.12,6.89,96.33,chickpea
20,12,40,25.62,85.68,6.35,108.1,pomegranate
18,144,175,29.31,82.41,5.96,68.02,grapes
26,12,30,27.26,91.99,5.83,185.34,coconut
120,86,49,27.69,86.22,5.77,95.22,banana
15,13,39,17.06,85.8,6.43,92.55,pomegranate
91,45,34,28.65,82.3,6.5,229.28,rice
97,81,59,28.37,87.68,6.18,94.33,banana
97,75,46,27.0,74.7,5.85,97.26,banana
109,77,40,31.09,75.01,5.68,121.56,banana
115,37,20,22.36,74.72,6.78,117.28,cotton
103,11,56,27.88,83.38,6.47,56.71,watermelon
13,49,18,26.47,78.3,6.83,43.19,mungbean
23,35,29,36.7,41.38,6.08,112.5,mango
29,13,46,21.55,90.96,6.8,133.4,pomegranate
115,5,50,27.12,91.07,6.42,28.35,muskmelon
18,8,13,22.79,97.18,7.12,113.64,orange
82,48,16,24.49,62.53,5.58,83.58,maize
98,86,57,29.06,72.96,6.13,117.76,banana
69,54,49,24.35,84.21,7.17,195.34,jute
96,28,26,28.8,57.4,6.52,145.68,coffee
35,61,18,32.24,65.07,6.95,68.9,blackgram
23,50,17,28.64,43.04,6.55,51.89,mothbeans
90,5,45,28.15,92.31,6.22,13.22,muskmelon
42,72,24,30.89,62.49,6.87,72.39,blackgram
29,137,206,20.55,83.71,5.71,82.67,grapes
18,121,208,27.98,84.17,6.37,64.79,grapes
127,59,12,24.22,71.32,7.73,72.98,cotton
21,143,203,21.55,84.65,5.45,59.19,grapes
30,62,18,31.48,45.84,5.78,137.06,pigeonpeas
13,13,7,17.11,92.71,6.92,93.36,orange
15,36,19,27.83,50.74,7.18,49.41,mothbeans
18,29,32,33.92,49.88,6.46,108.62,mango
71,48,40,23.76,78.15,6.73,191.2,jute
18,29,25,32.91,49.61,5.69,89.57,mango
18,75,20,25.82,68.83,7.22,50.93,lentil
20,37,17,26.16,54.2,6.64,60.68,mothbeans
8,49,18,27.39,88.48,7.05,47.27,mungbean
37,61,46,34.76,89.34,6.57,114.68,papaya
21,12,14,21.6,92.8,7.5,78.14,orange
96,65,50,23.23,80.27,6.26,97.85,banana
20,7,21,26.58,94.36,5.88,179.45,coconut
14,22,27,30.52,47.31,5.99,96.19,mango
50,62,23,30.42,64.2,7.75,59.44,blackgram
92,49,23,19.53,66.34,6.56,91.23,maize
103,13,48,25.82,93.84,6.47,25.36,muskmelon
41,64,19,30.74,70.2,6.41,66.31,blackgram
87,59,45,26.0,85.43,6.29,164.56,jute
87,91,47,24.83,80.15,5.81,127.26,banana
18,5,11,24.08,84.83,6.75,99.63,orange
25,79,20,22.82,47.82,7.07,41.85,lentil
70,47,20,25.6,60.01,6.59,86.79,maize
22,30,19,28.82,83.61,7.09,54.22,mungbean
132,42,18,28.62,76.48,7.22,88.43,cotton
120,51,17,22.49,82.44,7.72,95.05,cotton
102,31,33,27.05,56.16,6.66,128.12,coffee
16,40,20,29.46,92.48,6.55,45.02,mungbean
26,76,18,17.36,21.39,5.56,109.05,kidneybeans
35,66,71,16.89,19.89,7.48,61.48,chickpea
25,56,22,27.58,79.6,6.52,51.96,mungbean
18,5,35,22.28,91.75,6.5,127.35,pomegranate
19,59,21,23.84,57.41,7.14,50.29,lentil
18,87,20,23.95,55.82,7.24,58.67,lentil
71,64,34,21.07,87.79,6.74,248.72,rice
106,8,40,24.6,86.22,6.8,38.28,watermelon
71,59,30,21.79,77.56,6.86,206.84,jute
17,8,33,20.64,92.89,6.89,124.4,pomegranate
29,68,17,22.21,65.45,6.57,50.44,lentil
35,61,22,28.58,68.22,6.89,50.24,blackgram
26,142,210,25.42,87.09,6.13,76.46,grapes
26,27,30,32.45,55.85,5.14,103.77,mango
73,45,36,27.2,81.93,6.18,254.68,rice
70,49,33,23.68,86.11,6.82,137.41,jute
83,77,50,29.27,82.0,6.09,88.09,banana
124,49,20,27.35,79.81,7.23,110.77,cotton
80,51,38,23.25,88.43,7.52,177.87,jute
24,63,80,18.82,13.92,7.38,67.01,chickpea
15,8,33,26.31,97.16,5.7,149.96,coconut
16,49,18,28.87,92.55,6.88,55.09,mungbean
24,81,23,26.04,51.81,5.48,151.45,pigeonpeas
96,85,49,25.29,86.45,6.02,135.73,banana
96,86,49,28.59,86.75,6.32,112.06,banana
16,77,23,23.83,51.03,6.57,44.0,lentil
18,56,22,28.53,80.13,6.89,50.19,mungbean
51,64,49,32.76,90.78,6.62,156.81,papaya
23,73,21,20.04,24.02,5.98,104.69,kidneybeans
120,5,53,24.35,83.99,6.4,41.97,watermelon
23,10,30,25.59,98.48,6.85,169.43,coconut
22,84,15,20.38,20.01,5.93,110.29,kidneybeans
77,46,22,23.8,57.12,6.79,110.7,maize
12,20,29,36.01,48.99,5.73,73.37,mango
15,128,191,20.54,84.22,6.21,82.09,grapes
17,47,26,25.15,38.74,7.11,43.21,mothbeans
52,68,47,35.65,95.33,7.12,135.1,papaya
24,11,10,24.49,90.36,6.58,120.84,orange
83,59,44,23.18,81.9,6.2,229.44,rice
21,10,32,24.74,95.39,6.03,179.63,coconut
40,59,22,34.65,64.91,7.15,70.85,blackgram
19,59,22,24.87,57.9,6.04,64.44,lentil
97,4,51,26.03,85.19,6.43,47.07,watermelon
17,30,38,34.78,40.39,6.03,92.33,mango
23,27,21,37.49,58.73,6.09,83.7,mango
27,48,23,28.18,43.96,5.57,173.53,pigeonpeas
27,9,46,19.6,87.28,5.79,135.09,pomegranate
18,54,18,27.0,83.89,6.35,68.21,mungbean
15,67,17,21.15,16.64,5.69,114.52,kidneybeans
16,41,16,32.25,54.66,7.57,37.77,mothbeans
25,10,26,27.8,98.42,6.28,185.95,coconut
20,72,25,16.87,26.85,5.83,96.52,kidneybeans
84,40,47,21.93,80.39,6.74,193.07,rice
9,46,19,27.7,84.43,6.78,48.5,mungbean
76,44,36,27.03,84.02,6.12,257.54,rice
25,12,51,20.44,92.87,6.47,128.5,pomegranate
88,43,33,21.64,86.58,6.51,168.49,jute
20,54,12,25.09,60.7,6.69,48.94,lentil
19,50,23,29.74,42.28,7.13,49.35,mothbeans
17,63,22,25.29,51.1,6.49,129.74,pigeonpeas
10,9,33,23.3,92.35,6.23,98.51,pomegranate
19,50,19,26.37,52.12,6.89,50.18,mothbeans
38,61,17,28.04,63.64,7.37,61.95,blackgram
52,66,47,32.22,96.98,7.1,156.86,papaya
79,37,25,28.67,58.19,6.97,150.22,coffee
95,84,46,26.88,72.43,6.19,131.47,banana
18,23,34,33.35,50.84,6.07,94.43,mango
39,70,80,19.92,15.69,7.15,76.11,chickpea
92,12,53,29.08,95.95,6.14,24.06,muskmelon
18,28,35,29.11,44.94,5.03,86.76,mango
34,64,18,32.04,63.11,7.62,74.31,blackgram
89,10,49,29.14,92.35,6.41,23.44,muskmelon
22,53,23,28.01,56.92,6.18,162.03,pigeonpeas
93,54,18,21.8,63.39,7.03,95.73,maize
24,10,9,21.74,91.37,7.18,115.51,orange
18,6,48,24.86,87.35,6.54,99.79,pomegranate
17,8,10,20.81,87.73,7.06,126.1,orange
20,73,13,25.39,56.81,7.46,56.23,lentil
94,6,47,25.31,83.83,6.44,53.34,watermelon
23,29,26,29.09,81.12,6.75,51.76,mungbean
24,8,23,33.57,96.57,5.92,192.38,coconut
13,51,14,24.4,88.7,6.85,49.43,mungbean
23,5,40,24.55,97.05,5.7,162.62,coconut
14,49,13,29.11,45.26,7.57,42.25,mothbeans
16,47,19,30.23,48.93,6.51,68.9,mothbeans
55,68,52,37.29,96.91,6.93,132.42,papaya
19,12,30,27.18,94.77,5.57,213.76,coconut
87,54,35,26.31,74.99,6.68,295.71,rice
89,54,21,24.63,70.85,6.75,99.73,maize
102,10,54,25.55,82.07,6.32,30.21,watermelon
17,127,215,20.01,80.93,6.38,67.0,grapes
104,13,23,21.13,58.88,6.87,165.66,coffee
26,10,35,23.42,91.99,6.19,115.72,pomegranate
15,15,49,22.01,89.97,6.81,126.42,pomegranate
38,61,90,18.15,17.37,7.17,80.65,chickpea
93,57,19,25.48,65.74,6.07,80.8,maize
17,28,31,29.52,53.62,5.83,69.26,mango
11,13,30,23.3,88.9,6.71,90.01,pomegranate
19,39,19,25.12,79.4,6.9,56.04,mungbean
123,50,21,24.54,79.74,7.45,60.31,cotton
17,53,20,25.41,85.82,7.36,54.93,mungbean
83,48,21,20.66,65.85,5.63,88.33,maize
23,65,21,18.91,21.51,5.81,94.97,kidneybeans
20,59,17,24.93,54.89,5.16,163.07,pigeonpeas
85,43,43,23.56,89.16,6.9,162.6,jute
107,24,29,23.75,55.26,6.88,149.97,coffee
116,46,20,21.71,76.17,6.46,66.16,cotton
85,45,40,23.82,80.06,6.45,159.19,jute
125,41,18,19.83,78.53,6.67,81.19,cotton
24,37,21,24.04,48.23,7.56,40.52,mothbeans
85,9,48,28.67,86.2,6.55,58.37,watermelon
96,79,46,29.46,82.31,6.08,117.13,banana
27,72,24,24.82,43.17,5.94,150.06,pigeonpeas
81,55,11,26.68,64.3,6.64,74.4,maize
17,115,209,28.73,83.99,6.08,74.09,grapes
21,30,31,34.75,51.18,5.65,81.26,mango
80,67,39,24.1,81.83,6.15,264.28,rice
19,128,185,18.71,91.52,6.1,126.49,apple
93,64,51,25.45,76.0,5.85,131.17,banana
116,30,26,27.27,55.74,6.57,117.12,coffee
19,49,17,30.34,42.12,7.0,61.82,mothbeans
26,149,203,19.36,91.08,6.12,111.12,apple
18,51,22,26.82,85.34,6.09,64.42,mungbean
132,47,20,24.68,95.93,7.4,90.52,cotton
12,8,32,25.29,95.53,6.07,171.26,coconut
100,78,52,25.69,76.94,5.84,125.3,banana
120,50,14,23.73,82.82,6.95,70.49,cotton
25,130,223,21.45,90.7,6.24,85.66,apple
21,4,42,23.6,89.76,7.02,122.9,pomegranate
89,28,32,26.76,57.71,6.73,169.03,coffee
28,62,84,20.41,18.54,7.22,87.74,chickpea
14,8,0,20.73,91.75,7.17,105.97,orange
40,83,23,33.29,66.96,7.35,62.76,blackgram
110,49,17,25.64,80.7,6.66,81.22,cotton
39,55,85,17.03,14.57,7.06,97.23,chickpea
69,51,38,24.93,84.37,6.48,204.6,rice
93,55,42,25.31,81.6,7.16,199.47,jute
73,71,46,33.54,94.26,7.04,151.64,papaya
18,70,19,27.31,47.35,5.39,146.43,pigeonpeas
103,31,32,26.41,71.5,6.78,178.73,coffee
102,6,52,24.27,84.03,6.57,51.03,watermelon
33,64,75,18.75,21.87,7.1,76.21,chickpea
87,40,39,17.02,76.88,6.42,192.57,rice
20,13,11,20.81,85.02,6.93,125.42,orange
45,75,19,28.8,57.21,7.25,74.24,blackgram
115,74,56,27.71,70.95,6.19,103.23,banana
101,15,42,24.3,87.47,6.6,51.8,watermelon
24,55,24,26.84,48.94,5.75,134.24,pigeonpeas
114,46,20,24.72,79.93,6.83,50.55,cotton
70,50,35,23.38,75.3,6.78,193.87,jute
114,32,25,25.12,58.17,6.83,178.33,coffee
17,54,14,29.82,80.98,6.79,47.52,mungbean
86,79,50,23.33,86.94,6.04,110.72,banana
22,54,21,27.58,88.78,6.28,60.54,mungbean
78,61,45,24.69,83.58,6.68,175.68,jute
18,132,215,22.16,79.35,5.42,74.8,grapes
19,32,35,32.33,45.18,5.03,68.65,mango
87,11,61,30.62,96.24,6.37,29.84,muskmelon
17,124,213,24.64,91.73,6.21,93.85,apple
135,48,17,24.72,82.09,7.02,82.68,cotton
96,13,53,28.26,82.03,6.4,57.59,watermelon
104,31,32,25.7,61.48,6.07,162.22,coffee
19,67,19,26.44,62.09,6.89,37.29,lentil
18,9,5,25.08,83.7,7.81,132.53,orange
89,57,21,20.21,73.17,5.74,94.54,maize
45,53,47,37.85,90.8,7.07,139.36,papaya
18,11,42,19.34,92.99,6.84,93.05,pomegranate
63,49,52,36.46,94.28,7.05,153.82,papaya
16,28,34,33.1,42.88,6.56,85.38,mango
21,67,17,24.41,53.83,7.36,36.44,lentil
58,63,44,33.22,98.05,6.83,140.09,papaya
112,57,20,25.22,75.51,6.11,72.15,cotton
24,64,19,24.47,63.42,7.04,47.8,lentil
124,37,23,18.36,84.17,7.28,73.51,cotton
19,5,36,19.69,92.43,6.54,90.72,pomegranate
24,9,25,25.46,93.96,5.46,154.93,coconut
74,39,16,24.82,62.66,6.34,89.3,maize
77,45,43,24.39,80.2,6.85,197.57,rice
67,50,46,25.08,81.06,7.15,144.11,jute
25,55,20,28.46,53.37,6.89,59.04,mothbeans
15,33,34,33.45,50.04,5.23,109.67,mango
24,135,209,22.37,80.03,6.51,65.03,grapes
125,57,16,24.04,74.66,6.98,76.61,cotton
7,13,27,24.34,96.88,5.99,199.32,coconut
60,37,22,22.84,64.08,6.21,95.21,maize
101,11,52,26.99,88.63,7.05,22.58,muskmelon
102,3,46,26.78,90.36,6.47,24.46,muskmelon
27,10,11,26.61,90.08,7.33,114.13,orange
26,55,19,28.49,46.53,7.34,48.0,mothbeans
22,52,22,29.15,82.34,6.95,36.42,mungbean
120,62,24,25.82,83.98,7.21,97.38,cotton
22,7,8,17.92,91.42,6.91,114.49,orange
17,27,33,34.06,52.85,5.84,117.47,mango
84,59,44,27.81,78.16,6.76,235.5,rice
89,52,18,24.04,50.76,6.66,63.9,maize
24,67,15,27.4,58.52,6.5,138.76,pigeonpeas
21,34,26,33.78,47.36,6.11,73.12,mango
40,70,88,18.98,24.81,7.17,53.59,chickpea
87,25,28,28.61,62.62,7.14,176.4,coffee
26,8,5,22.29,90.96,6.75,108.8,orange
14,23,23,29.73,35.75,6.02,125.81,mango
20,127,182,18.05,80.46,6.36,82.56,grapes
71,45,41,25.45,79.6,6.44,196.81,rice
91,70,48,26.75,80.51,5.91,114.5,banana
72,38,38,23.94,82.98,6.78,187.55,jute
95,81,44,29.06,71.03,6.16,100.1,banana
14,53,18,27.82,49.52,5.83,121.09,pigeonpeas
16,11,14,21.0,93.6,6.69,146.69,orange
53,63,80,17.02,13.04,6.82,79.44,chickpea
108,7,51,22.37,86.22,7.09,40.05,watermelon
19,59,18,24.67,64.55,6.73,37.91,lentil
67,57,36,24.32,87.25,6.46,160.46,jute
20,74,16,21.43,67.9,6.56,61.36,lentil
20,117,214,22.28,91.66,6.27,115.02,apple
110,32,28,28.2,62.57,6.86,164.81,coffee
15,50,23,27.31,95.49,6.54,50.32,mungbean
21,72,21,20.78,18.02,6.11,127.54,kidneybeans
81,37,41,21.04,83.47,7.02,202.19,jute
54,53,50,32.79,94.51,6.75,144.12,papaya
35,70,74,18.72,16.9,6.94,78.07,chickpea
21,10,9,20.36,90.37,7.13,89.22,orange
90,13,41,23.89,90.03,6.37,36.85,watermelon
97,11,51,27.79,90.68,5.97,29.94,muskmelon
71,51,21,23.02,62.25,5.93,89.62,maize
119,42,23,19.26,77.34,7.25,75.59,cotton
25,76,21,28.22,58.81,6.0,116.36,pigeonpeas
120,56,16,27.27,84.51,6.98,77.77,cotton
20,11,38,28.12,95.8,6.07,165.33,coconut
14,50,17,29.61,84.83,6.22,54.21,mungbean
20,69,17,23.32,61.15,6.35,53.5,lentil
88,26,22,31.15,49.73,6.8,182.87,coffee
17,51,23,25.79,46.17,6.74,36.04,mothbeans
93,35,47,24.49,74.26,6.73,160.55,jute
114,45,13,25.89,84.1,7.0,57.09,cotton
24,13,39,20.78,93.68,6.14,116.58,pomegranate
24,69,16,26.44,46.96,5.97,148.52,pigeonpeas
19,14,32,23.74,91.46,5.98,150.75,coconut
42,67,44,31.28,93.1,7.28,139.71,papaya
89,52,30,25.55,76.14,7.13,146.09,jute
30,39,30,23.83,56.18,5.58,82.98,mango
77,65,25,23.37,65.19,6.25,99.2,maize
78,43,43,24.91,73.4,6.22,152.42,jute
119,41,15,19.81,79.34,6.87,69.86,cotton
102,13,42,26.32,86.74,5.88,57.99,watermelon
29,74,21,28.24,51.97,5.23,134.42,pigeonpeas
100,16,33,24.39,47.21,6.56,148.6,coffee
16,8,38,22.04,92.15,6.48,110.24,pomegranate
107,24,32,26.05,57.72,6.65,147.24,coffee
17,48,19,30.79,70.81,6.7,48.94,mungbean
41,48,49,33.03,90.75,6.77,128.46,papaya
108,14,35,26.37,80.72,6.65,51.28,watermelon
34,54,23,27.15,53.86,6.18,125.34,pigeonpeas
100,14,41,23.9,83.34,6.39,57.4,watermelon
76,41,21,20.7,65.14,6.2,106.29,maize
20,25,37,34.32,53.93,5.67,124.78,mango
22,112,189,24.73,83.23,6.49,68.55,grapes
15,59,19,26.72,89.99,6.61,57.6,mungbean
87,48,18,23.9,66.97,6.56,99.53,maize
34,54,26,32.51,61.1,7.08,74.17,blackgram
17,115,214,22.79,89.52,5.88,135.17,apple
117,44,14,24.68,80.74,6.55,86.8,cotton
15,8,33,22.32,92.0,6.1,103.17,pomegranate
96,53,18,26.81,61.97,6.5,94.49,maize
21,3,9,17.46,88.38,6.94,129.14,orange
18,54,25,24.38,56.26,6.97,61.67,lentil
19,13,29,31.69,95.27,6.32,191.1,coconut
34,63,86,14.23,26.41,7.32,83.35,chickpea
33,62,78,15.81,14.54,6.86,93.12,chickpea
40,60,19,27.01,71.82,6.91,65.11,blackgram
20,89,21,25.49,49.52,5.29,138.39,pigeonpeas
92,43,17,23.44,62.24,6.45,93.04,maize
21,112,206,20.84,80.13,5.56,77.32,grapes
34,75,80,19.04,21.59,7.15,88.07,chickpea
85,10,55,28.13,87.48,6.55,33.43,muskmelon
17,91,17,22.66,57.17,6.9,45.3,lentil
45,72,75,20.67,15.39,7.24,85.51,chickpea
104,12,48,27.19,88.77,6.41,19.8,muskmelon
52,51,51,32.73,93.3,6.79,146.11,papaya
14,9,3,23.51,93.36,7.5,107.09,orange
40,71,20,27.94,65.23,6.68,70.81,blackgram
40,70,37,32.7,83.02,6.55,137.64,papaya
100,41,31,26.79,60.19,6.72,185.88,coffee
23,24,26,27.36,50.77,5.77,112.04,mango
16,17,15,26.98,91.01,7.73,115.53,orange
105,10,44,27.71,90.89,5.77,20.1,muskmelon
23,72,16,19.51,21.88,5.76,115.01,kidneybeans
21,127,222,19.05,79.75,6.61,71.31,grapes
39,56,53,37.15,93.25,7.15,141.32,papaya
21,71,17,27.75,69.96,6.96,65.9,lentil
21,140,213,20.46,88.74,5.79,124.64,apple
17,55,20,29.29,80.21,6.52,45.41,mungbean
87,44,42,22.57,79.67,6.57,172.6,rice
16,60,20,29.77,80.89,6.33,44.31,mungbean
10,6,17,24.33,97.75,7.25,98.87,orange
26,137,199,24.15,82.89,6.16,51.74,grapes
75,43,46,23.9,81.39,6.85,153.58,jute
21,123,216,22.08,89.64,6.07,139.45,apple
24,9,31,29.29,96.58,6.24,152.02,coconut
18,21,36,35.7,49.79,6.66,96.37,mango
94,24,21,26.64,49.89,6.57,171.76,coffee
17,9,12,23.05,93.83,6.93,104.87,orange
121,56,17,21.34,73.54,6.65,88.93,cotton
20,46,24,29.77,93.08,6.28,49.65,mungbean
21,34,17,34.01,83.47,6.92,43.49,mungbean
25,121,182,24.99,83.91,6.16,49.86,grapes
18,65,18,21.49,21.46,5.61,129.82,kidneybeans
21,45,19,30.03,79.8,7.28,31.79,mungbean
106,15,50,28.07,91.22,6.34,20.86,muskmelon
91,12,62,29.5,86.03,6.19,25.61,muskmelon
42,62,19,28.12,70.6,6.91,84.53,blackgram
24,120,204,23.35,83.88,5.91,66.93,grapes
51,45,52,35.05,91.77,7.51,134.76,papaya
15,9,35,22.89,88.87,6.11,116.62,pomegranate
102,8,47,22.09,84.26,6.36,44.84,watermelon
109,11,61,26.47,94.47,5.91,25.79,muskmelon
91,8,52,32.61,93.82,6.44,27.65,muskmelon
95,7,51,26.15,89.02,6.65,34.5,muskmelon
85,54,41,23.33,79.09,7.08,147.34,jute
26,135,189,22.56,89.32,5.95,101.68,apple
19,14,1,24.03,94.15,7.34,109.03,orange
101,13,52,24.63,80.77,6.58,35.08,watermelon
113,22,32,23.0,58.47,7.02,155.71,coffee
102,26,22,24.56,52.27,6.6,160.66,coffee
22,11,13,28.09,92.37,7.33,104.73,orange
97,72,59,25.48,83.32,6.32,96.67,banana
45,76,22,30.55,60.01,7.0,64.67,blackgram
20,96,193,24.03,90.83,5.86,94.38,apple
30,8,29,25.46,93.74,6.68,193.81,coconut
48,61,43,36.69,91.96,6.89,136.34,papaya
26,32,15,29.49,54.72,5.86,79.64,mango
104,100,41,28.56,75.44,5.99,101.28,banana
19,45,16,25.66,50.32,6.58,53.16,mothbeans
22,0,10,17.53,93.94,7.44,96.11,orange
55,61,49,36.09,93.21,6.55,134.79,papaya
122,53,16,24.52,86.59,7.17,80.87,cotton
81,45,47,18.2,87.46,6.87,167.8,rice
67,85,50,23.64,81.55,6.14,113.84,banana
26,43,12,27.18,52.57,7.02,54.28,mothbeans
26,85,18,24.72,57.92,6.8,65.33,lentil
118,11,37,30.93,95.27,6.19,28.59,muskmelon
11,8,45,25.06,97.3,5.82,185.18,coconut
108,82,50,25.33,71.41,6.07,118.57,banana
41,57,81,17.2,15.41,7.18,98.57,chickpea
7,65,20,17.7,23.16,5.74,136.33,kidneybeans
23,68,19,22.76,60.36,7.1,38.57,lentil
22,74,18,17.59,18.87,5.65,104.72,kidneybeans
93,28,26,24.04,55.96,6.59,173.67,coffee
104,81,58,24.04,80.7,6.02,117.2,banana
91,8,57,27.96,86.39,6.28,24.61,muskmelon
22,13,41,16.51,88.5,6.86,97.89,pomegranate
19,137,191,21.65,88.06,6.07,114.88,apple
25,9,33,26.61,95.07,5.86,171.37,coconut
15,70,17,26.23,60.76,6.92,42.17,lentil
59,49,53,29.61,91.73,7.13,136.73,papaya
22,51,17,28.85,54.4,5.91,55.03,mothbeans
31,75,24,28.74,63.61,6.69,67.97,blackgram
17,15,25,24.32,98.06,6.36,183.64,coconut
31,72,85,19.94,19.99,6.77,58.67,chickpea
73,60,46,26.23,89.14,7.47,171.5,jute
52,46,53,31.28,96.68,6.79,126.3,papaya
18,56,20,21.8,19.28,6.26,117.66,kidneybeans
19,69,24,29.47,54.35,5.82,122.22,pigeonpeas
19,8,9,20.36,90.92,7.61,96.31,orange
21,80,22,20.83,23.39,5.81,118.37,kidneybeans
15,144,221,20.73,94.02,5.65,131.06,apple
12,27,25,32.71,41.91,5.94,85.55,mango
92,7,55,30.95,94.85,6.46,25.46,muskmelon
70,59,40,24.35,85.59,6.46,170.49,jute
15,28,35,33.35,50.17,5.66,109.21,mango
96,8,47,24.52,76.76,6.62,41.54,watermelon
74,39,39,25.41,77.07,6.65,214.09,rice
81,65,41,23.58,78.59,6.46,200.12,jute
17,36,29,31.33,38.92,5.72,107.55,mango
23,58,19,25.89,48.06,5.83,130.45,pigeonpeas
25,62,22,17.82,24.67,5.85,118.3,kidneybeans
43,54,18,29.34,73.37,6.92,47.99,blackgram
37,58,22,33.38,73.35,7.37,68.02,blackgram
100,78,47,24.85,77.84,5.36,93.96,banana
20,65,15,25.02,69.46,6.45,42.27,lentil
22,59,15,16.96,25.34,5.61,133.01,kidneybeans
113,74,55,26.13,88.77,5.89,92.39,banana
23,116,195,20.49,82.38,5.85,71.77,grapes
26,58,22,29.29,59.15,5.84,154.25,pigeonpeas
9,75,20,22.95,69.49,6.83,39.64,lentil
22,8,39,21.38,92.48,6.18,109.23,pomegranate
122,53,22,22.14,80.96,7.44,76.89,cotton
52,65,78,21.16,18.67,7.14,112.48,chickpea
70,47,20,23.14,67.11,6.85,96.8,maize
20,138,188,20.82,89.97,5.83,122.23,apple
29,69,23,29.25,71.76,7.39,86.64,blackgram
27,143,211,22.65,92.07,6.23,104.12,apple
14,33,29,31.67,48.61,6.11,106.75,mango
73,92,46,28.37,83.71,5.74,114.91,banana
23,116,202,23.62,91.4,6.11,95.13,apple
134,55,23,22.66,84.02,7.59,69.67,cotton
73,54,36,23.27,84.52,6.76,193.99,rice
45,75,19,28.46,56.13,6.79,63.83,blackgram
108,14,53,28.07,92.42,5.84,24.33,muskmelon
87,13,56,23.01,89.07,6.46,54.19,watermelon
97,33,28,23.58,59.83,6.47,170.71,coffee
94,12,47,28.32,84.62,6.7,57.46,watermelon
82,46,46,22.23,77.02,6.54,169.42,jute
41,70,78,19.67,15.58,7.26,59.81,chickpea
71,41,45,21.7,76.19,7.23,179.88,jute
21,39,17,26.56,85.55,6.51,54.94,mungbean
11,128,224,23.08,82.91,6.55,65.96,grapes
87,39,36,26.51,75.71,6.48,151.43,jute
22,64,23,30.79,78.06,6.93,49.47,mungbean
26,151,207,18.33,90.33,6.18,103.68,apple
13,140,201,18.2,81.1,6.19,66.67,grapes
23,14,35,28.13,97.14,5.68,144.95,coconut
20,51,23,25.33,46.25,6.49,53.79,mothbeans
82,48,14,20.62,64.28,5.72,99.0,maize
18,13,31,30.22,97.39,5.86,139.1,coconut
17,5,39,21.15,88.69,6.63,98.74,pomegranate
72,50,38,22.42,74.65,6.52,196.71,jute
92,70,39,26.94,77.19,5.57,122.84,banana
25,86,20,25.69,42.26,6.1,162.08,pigeonpeas
47,82,21,27.89,63.72,7.09,90.68,blackgram
66,52,41,24.0,83.73,6.3,236.97,rice
27,73,25,24.19,47.38,5.71,154.43,pigeonpeas
16,18,29,35.92,54.02,6.68,108.24,mango
20,8,35,17.99,87.91,6.64,99.46,pomegranate
18,140,187,21.7,83.78,6.0,75.85,grapes
10,134,198,24.77,89.98,5.94,126.83,apple
53,74,20,32.7,57.44,6.6,48.22,blackgram
17,4,7,27.69,87.53,7.0,110.51,orange
74,49,20,25.65,64.52,6.31,99.12,maize
117,28,28,27.01,57.21,7.36,159.92,coffee
101,11,54,30.08,91.48,6.26,36.75,muskmelon
18,82,20,21.0,24.0,5.93,122.58,kidneybeans
15,123,205,25.9,85.36,6.63,69.33,grapes
15,77,21,31.38,45.61,5.85,144.63,pigeonpeas
90,26,28,27.89,61.48,6.88,159.94,coffee
18,10,9,22.87,95.86,6.96,92.56,orange
106,73,47,26.99,79.79,6.22,74.78,banana
21,30,28,32.58,48.31,5.8,90.88,mango
12,141,198,23.61,83.2,5.68,74.56,grapes
21,71,27,23.95,58.41,6.85,60.72,lentil
